filename,timestamp,n_records,raw_lines,identical_group,n_conflicting_columns,conflicting_columns,conflicting_value_spreads
CurrentVoltage.csv,2019-06-27 10:52:00,2,"5,6",True,0,,
CurrentVoltage.csv,2019-06-27 11:16:00,2,"16,17",False,3,"VL1,VL2,VL3",VL1=239.8..239.9;VL2=239.9..240.0;VL3=239.9..240.0
CurrentVoltage.csv,2019-06-27 11:22:00,2,"21,22",False,3,"VL1,VL2,VL3",VL1=240.7..241.6;VL2=240.7..241.7;VL3=240.7..241.7
CurrentVoltage.csv,2019-06-27 11:28:00,2,"26,27",False,1,VL2,VL2=241.0..241.1
CurrentVoltage.csv,2019-06-27 11:33:00,2,"31,32",False,2,"VL1,VL3",VL1=240.8..240.9;VL3=240.9..241.0
CurrentVoltage.csv,2019-06-27 11:40:00,2,"36,37",False,3,"VL1,VL2,VL3",VL1=239.3..239.5;VL2=239.3..239.6;VL3=239.3..239.6
CurrentVoltage.csv,2019-06-27 11:44:00,2,"39,40",False,3,"VL1,VL2,VL3",VL1=239.9..240.3;VL2=240.0..240.3;VL3=240.0..240.4
CurrentVoltage.csv,2019-06-27 11:54:00,2,"45,46",False,3,"VL1,VL2,VL3",VL1=239.4..239.5;VL2=239.4..239.6;VL3=239.4..239.6
CurrentVoltage.csv,2019-06-27 11:58:00,2,"49,50",False,3,"VL1,VL2,VL3",VL1=239.8..241.1;VL2=239.9..241.1;VL3=239.9..241.2
CurrentVoltage.csv,2019-06-27 12:00:00,2,"52,53",False,3,"VL1,VL2,VL3",VL1=240.7..241.0;VL2=240.7..241.1;VL3=240.8..241.1
CurrentVoltage.csv,2019-06-27 12:02:00,2,"55,56",False,3,"VL1,VL2,VL3",VL1=241.8..241.9;VL2=241.9..242.0;VL3=241.9..242.0
CurrentVoltage.csv,2019-06-27 12:04:00,2,"58,59",False,3,"VL1,VL2,VL3",VL1=237.7..237.8;VL2=237.7..237.9;VL3=237.8..237.9
CurrentVoltage.csv,2019-06-27 12:06:00,2,"61,62",False,3,"VL1,VL2,VL3",VL1=236.7..240.4;VL2=236.8..240.4;VL3=236.8..240.4
CurrentVoltage.csv,2019-06-27 12:09:00,2,"65,66",False,3,"VL1,VL2,VL3",VL1=240.6..241.1;VL2=240.6..241.2;VL3=240.7..241.2
CurrentVoltage.csv,2019-06-27 12:10:00,2,"67,68",False,3,"VL1,VL2,VL3",VL1=240.1..240.8;VL2=240.1..240.9;VL3=240.2..240.9
CurrentVoltage.csv,2019-06-27 12:18:00,2,"73,74",False,3,"VL1,VL2,VL3",VL1=240.1..241.3;VL2=240.2..241.3;VL3=240.2..241.4
CurrentVoltage.csv,2019-06-27 12:22:00,2,"76,77",False,3,"VL1,VL2,VL3",VL1=240.1..240.5;VL2=240.2..240.5;VL3=240.2..240.5
CurrentVoltage.csv,2019-06-27 12:24:00,2,"79,80",False,3,"VL1,VL2,VL3",VL1=240.8..241.3;VL2=240.9..241.4;VL3=240.9..241.4
CurrentVoltage.csv,2019-06-27 12:26:00,2,"82,83",False,3,"VL1,VL2,VL3",VL1=236.8..237.8;VL2=236.9..237.9;VL3=236.9..237.9
CurrentVoltage.csv,2019-06-27 12:28:00,2,"85,86",False,3,"VL1,VL2,VL3",VL1=237.9..240.9;VL2=238.0..240.9;VL3=238.0..240.9
CurrentVoltage.csv,2019-06-27 12:30:00,2,"88,89",False,3,"VL1,VL2,VL3",VL1=240.6..240.7;VL2=240.6..240.7;VL3=240.6..240.8
CurrentVoltage.csv,2019-06-27 12:32:00,2,"91,92",False,3,"VL1,VL2,VL3",VL1=241.6..242.1;VL2=241.7..242.2;VL3=241.7..242.2
CurrentVoltage.csv,2019-06-27 12:34:00,2,"94,95",False,3,"VL1,VL2,VL3",VL1=240.5..240.7;VL2=240.6..240.8;VL3=240.6..240.8
CurrentVoltage.csv,2019-06-27 12:39:00,2,"97,98",False,2,"VL1,VL3",VL1=240.2..240.3;VL3=240.3..240.4
CurrentVoltage.csv,2019-06-27 12:40:00,2,"99,100",False,3,"VL1,VL2,VL3",VL1=240.6..241.1;VL2=240.7..241.1;VL3=240.7..241.1
CurrentVoltage.csv,2019-06-27 12:44:00,2,"102,103",False,3,"VL1,VL2,VL3",VL1=237.8..238.2;VL2=237.9..238.2;VL3=237.9..238.3
CurrentVoltage.csv,2019-06-27 12:46:00,2,"105,106",False,3,"VL1,VL2,VL3",VL1=240.8..241.4;VL2=240.8..241.4;VL3=240.8..241.5
CurrentVoltage.csv,2019-06-27 12:48:00,2,"108,109",False,3,"VL1,VL2,VL3",VL1=240.5..241.5;VL2=240.6..241.6;VL3=240.6..241.6
CurrentVoltage.csv,2019-06-27 12:50:00,2,"111,112",False,3,"VL1,VL2,VL3",VL1=240.0..240.7;VL2=240.1..240.7;VL3=240.1..240.7
CurrentVoltage.csv,2019-06-27 12:52:00,2,"114,115",False,3,"VL1,VL2,VL3",VL1=240.3..240.4;VL2=240.3..240.5;VL3=240.4..240.5
CurrentVoltage.csv,2019-06-27 12:54:00,2,"117,118",True,0,,
CurrentVoltage.csv,2019-06-27 13:00:00,2,"123,124",False,3,"VL1,VL2,VL3",VL1=237.9..238.3;VL2=238.0..238.3;VL3=238.0..238.3
CurrentVoltage.csv,2019-06-27 13:04:00,2,"128,129",False,3,"VL1,VL2,VL3",VL1=240.8..241.0;VL2=240.9..241.1;VL3=240.9..241.1
CurrentVoltage.csv,2019-06-27 13:06:00,2,"131,132",False,3,"VL1,VL2,VL3",VL1=241.7..241.9;VL2=241.7..242.0;VL3=241.8..242.0
CurrentVoltage.csv,2019-06-27 13:08:00,2,"134,135",False,3,"VL1,VL2,VL3",VL1=241.6..241.7;VL2=241.6..241.8;VL3=241.7..241.8
CurrentVoltage.csv,2019-06-27 13:10:00,2,"137,138",False,2,"VL1,VL3",VL1=240.2..240.3;VL3=240.3..240.4
CurrentVoltage.csv,2019-06-27 13:12:00,2,"140,141",True,0,,
CurrentVoltage.csv,2019-06-27 13:14:00,2,"143,144",False,3,"VL1,VL2,VL3",VL1=241.5..241.7;VL2=241.5..241.8;VL3=241.6..241.8
CurrentVoltage.csv,2019-06-27 13:16:00,2,"146,147",False,3,"VL1,VL2,VL3",VL1=240.5..240.8;VL2=240.5..240.8;VL3=240.5..240.8
CurrentVoltage.csv,2019-06-27 13:20:00,2,"150,151",False,3,"VL1,VL2,VL3",VL1=241.0..241.5;VL2=241.1..241.5;VL3=241.1..241.6
CurrentVoltage.csv,2019-06-27 13:22:00,2,"153,154",False,3,"VL1,VL2,VL3",VL1=240.7..241.5;VL2=240.7..241.6;VL3=240.8..241.6
CurrentVoltage.csv,2019-06-27 13:24:00,2,"156,157",False,3,"VL1,VL2,VL3",VL1=237.8..238.1;VL2=237.9..238.1;VL3=237.9..238.1
CurrentVoltage.csv,2019-06-27 13:26:00,2,"159,160",False,1,VL2,VL2=238.3..238.4
CurrentVoltage.csv,2019-06-27 13:28:00,2,"162,163",False,3,"VL1,VL2,VL3",VL1=238.1..238.3;VL2=238.2..238.4;VL3=238.2..238.4
CurrentVoltage.csv,2019-06-27 13:30:00,2,"165,166",False,3,"VL1,VL2,VL3",VL1=237.8..238.5;VL2=237.8..238.5;VL3=237.9..238.6
CurrentVoltage.csv,2019-06-27 13:32:00,2,"168,169",True,0,,
CurrentVoltage.csv,2019-06-27 13:34:00,2,"171,172",True,0,,
CurrentVoltage.csv,2019-06-27 13:36:00,2,"174,175",False,3,"VL1,VL2,VL3",VL1=237.4..237.8;VL2=237.4..237.8;VL3=237.5..237.9
CurrentVoltage.csv,2019-06-27 13:38:00,2,"177,178",False,3,"VL1,VL2,VL3",VL1=238.0..238.2;VL2=238.1..238.3;VL3=238.1..238.3
CurrentVoltage.csv,2019-06-27 13:40:00,2,"180,181",False,3,"VL1,VL2,VL3",VL1=236.5..236.9;VL2=236.5..236.9;VL3=236.6..237.0
CurrentVoltage.csv,2019-06-27 13:42:00,2,"183,184",False,2,"VL1,VL3",VL1=237.7..237.8;VL3=237.8..237.9
CurrentVoltage.csv,2019-06-27 13:46:00,2,"186,187",False,2,"VL1,VL3",VL1=237.8..237.9;VL3=237.9..238.0
CurrentVoltage.csv,2019-06-27 13:48:00,2,"189,190",False,3,"VL1,VL2,VL3",VL1=238.1..238.3;VL2=238.2..238.4;VL3=238.2..238.4
CurrentVoltage.csv,2019-06-27 13:50:00,2,"192,193",False,3,"VL1,VL2,VL3",VL1=238.2..239.1;VL2=238.3..239.1;VL3=238.3..239.2
CurrentVoltage.csv,2019-06-27 13:52:00,2,"195,196",False,3,"VL1,VL2,VL3",VL1=238.1..238.8;VL2=238.1..238.9;VL3=238.2..238.9
CurrentVoltage.csv,2019-06-27 13:54:00,2,"198,199",False,1,VL2,VL2=239.1..239.2
CurrentVoltage.csv,2019-06-27 13:56:00,2,"201,202",False,3,"VL1,VL2,VL3",VL1=238.2..239.1;VL2=238.2..239.2;VL3=238.3..239.2
CurrentVoltage.csv,2019-06-27 13:58:00,2,"204,205",False,1,VL2,VL2=239.5..239.6
CurrentVoltage.csv,2019-06-27 14:00:00,2,"207,208",False,3,"VL1,VL2,VL3",VL1=238.5..238.9;VL2=238.6..238.9;VL3=238.6..239.0
CurrentVoltage.csv,2019-06-27 14:02:00,2,"210,211",False,3,"VL1,VL2,VL3",VL1=239.9..240.1;VL2=240.0..240.2;VL3=240.0..240.4
CurrentVoltage.csv,2019-06-27 14:04:00,2,"213,214",False,3,"VL1,VL2,VL3",VL1=238.0..238.4;VL2=238.0..238.4;VL3=238.1..238.5
CurrentVoltage.csv,2019-06-27 14:06:00,2,"216,217",False,3,"VL1,VL2,VL3",VL1=239.2..239.5;VL2=239.3..239.6;VL3=239.3..239.6
CurrentVoltage.csv,2019-06-27 14:08:00,2,"219,220",False,3,"VL1,VL2,VL3",VL1=239.3..239.7;VL2=239.4..239.7;VL3=239.4..239.8
CurrentVoltage.csv,2019-06-27 14:10:00,2,"222,223",False,3,"VL1,VL2,VL3",VL1=237.9..239.0;VL2=238.0..239.0;VL3=238.0..239.1
CurrentVoltage.csv,2019-06-27 14:12:00,2,"225,226",False,3,"VL1,VL2,VL3",VL1=238.0..239.1;VL2=238.1..239.2;VL3=238.1..239.2
CurrentVoltage.csv,2019-06-27 14:14:00,2,"228,229",False,3,"VL1,VL2,VL3",VL1=237.9..238.9;VL2=237.9..239.0;VL3=238.0..239.0
CurrentVoltage.csv,2019-06-27 14:16:00,2,"231,232",False,3,"VL1,VL2,VL3",VL1=237.0..237.9;VL2=237.1..238.0;VL3=237.1..238.0
CurrentVoltage.csv,2019-06-27 14:18:00,2,"234,235",True,0,,
CurrentVoltage.csv,2019-06-27 14:20:00,2,"237,238",False,3,"VL1,VL2,VL3",VL1=237.1..237.4;VL2=237.1..237.5;VL3=237.2..237.5
CurrentVoltage.csv,2019-06-27 14:22:00,2,"240,241",False,3,"VL1,VL2,VL3",VL1=237.5..237.7;VL2=237.5..237.7;VL3=237.6..237.7
CurrentVoltage.csv,2019-06-27 14:26:00,2,"245,246",False,3,"VL1,VL2,VL3",VL1=237.8..238.2;VL2=237.8..238.2;VL3=237.9..238.3
CurrentVoltage.csv,2019-06-27 14:28:00,2,"248,249",False,1,VL2,VL2=237.0..237.1
CurrentVoltage.csv,2019-06-27 14:30:00,2,"251,252",False,3,"VL1,VL2,VL3",VL1=237.2..237.3;VL2=237.3..237.4;VL3=237.3..237.4
CurrentVoltage.csv,2019-06-27 14:32:00,2,"254,255",False,3,"VL1,VL2,VL3",VL1=238.0..238.6;VL2=238.0..238.7;VL3=238.1..238.7
CurrentVoltage.csv,2019-06-27 14:34:00,2,"257,258",False,3,"VL1,VL2,VL3",VL1=236.5..237.1;VL2=236.6..237.1;VL3=236.6..237.2
CurrentVoltage.csv,2019-06-27 14:36:00,2,"260,261",False,3,"VL1,VL2,VL3",VL1=237.1..237.3;VL2=237.2..237.4;VL3=237.2..237.4
CurrentVoltage.csv,2019-06-27 14:38:00,2,"263,264",False,3,"VL1,VL2,VL3",VL1=235.6..236.0;VL2=235.7..236.1;VL3=235.7..236.1
CurrentVoltage.csv,2019-06-27 14:40:00,2,"266,267",True,0,,
CurrentVoltage.csv,2019-06-27 14:42:00,2,"269,270",False,3,"VL1,VL2,VL3",VL1=236.0..237.1;VL2=236.1..237.1;VL3=236.1..237.2
CurrentVoltage.csv,2019-06-27 14:46:00,2,"272,273",False,3,"VL1,VL2,VL3",VL1=235.8..236.7;VL2=235.8..236.8;VL3=235.9..236.8
CurrentVoltage.csv,2019-06-27 14:50:00,2,"275,276",False,3,"VL1,VL2,VL3",VL1=235.5..235.9;VL2=235.5..235.9;VL3=235.6..236.0
CurrentVoltage.csv,2019-06-27 14:52:00,2,"278,279",False,3,"VL1,VL2,VL3",VL1=236.4..236.8;VL2=236.4..236.9;VL3=236.4..236.9
CurrentVoltage.csv,2019-06-27 14:54:00,2,"281,282",False,3,"VL1,VL2,VL3",VL1=236.4..237.3;VL2=236.5..237.3;VL3=236.5..237.3
CurrentVoltage.csv,2019-06-27 14:56:00,2,"284,285",False,3,"VL1,VL2,VL3",VL1=236.5..237.5;VL2=236.5..237.5;VL3=236.6..237.6
CurrentVoltage.csv,2019-06-27 14:58:00,2,"287,288",False,3,"VL1,VL2,VL3",VL1=236.2..237.2;VL2=236.2..237.3;VL3=236.3..237.3
CurrentVoltage.csv,2019-06-27 15:03:00,2,"291,292",False,1,VL2,VL2=236.7..236.8
CurrentVoltage.csv,2019-06-27 15:04:00,2,"293,294",False,3,"VL1,VL2,VL3",VL1=236.6..237.3;VL2=236.7..237.3;VL3=236.7..237.4
CurrentVoltage.csv,2019-06-27 15:08:00,2,"298,299",False,3,"VL1,VL2,VL3",VL1=236.3..237.2;VL2=236.4..237.3;VL3=236.4..237.3
CurrentVoltage.csv,2019-06-27 15:15:00,2,"305,306",False,3,"VL1,VL2,VL3",VL1=235.9..236.1;VL2=235.9..236.1;VL3=236.0..236.2
CurrentVoltage.csv,2019-06-27 15:18:00,2,"307,308",False,3,"VL1,VL2,VL3",VL1=237.0..237.1;VL2=237.1..237.2;VL3=237.1..237.2
CurrentVoltage.csv,2019-06-27 15:21:00,2,"311,312",False,3,"VL1,VL2,VL3",VL1=236.5..236.6;VL2=236.5..236.7;VL3=236.6..236.7
CurrentVoltage.csv,2019-06-27 15:22:00,2,"313,314",False,3,"VL1,VL2,VL3",VL1=237.5..237.8;VL2=237.5..237.8;VL3=237.6..237.8
CurrentVoltage.csv,2019-06-27 15:24:00,2,"316,317",False,3,"VL1,VL2,VL3",VL1=237.1..238.1;VL2=237.1..238.1;VL3=237.1..238.1
CurrentVoltage.csv,2019-06-27 15:26:00,2,"319,320",False,3,"VL1,VL2,VL3",VL1=237.8..238.5;VL2=237.8..238.6;VL3=237.9..238.6
CurrentVoltage.csv,2019-06-27 15:28:00,2,"322,323",True,0,,
CurrentVoltage.csv,2019-06-27 15:30:00,2,"325,326",False,3,"VL1,VL2,VL3",VL1=237.3..237.8;VL2=237.4..237.9;VL3=237.4..237.9
CurrentVoltage.csv,2019-06-27 15:32:00,2,"328,329",False,1,VL2,VL2=237.2..237.3
CurrentVoltage.csv,2019-06-27 15:34:00,2,"331,332",False,3,"VL1,VL2,VL3",VL1=236.0..236.3;VL2=236.1..236.3;VL3=236.1..236.4
CurrentVoltage.csv,2019-06-27 15:36:00,2,"334,335",False,3,"VL1,VL2,VL3",VL1=237.1..237.9;VL2=237.2..237.9;VL3=237.2..238.0
CurrentVoltage.csv,2019-06-27 15:38:00,2,"337,338",False,3,"VL1,VL2,VL3",VL1=236.7..237.5;VL2=236.8..237.5;VL3=236.8..237.6
CurrentVoltage.csv,2019-06-27 15:40:00,2,"340,341",False,3,"VL1,VL2,VL3",VL1=236.1..236.2;VL2=236.1..236.3;VL3=236.2..236.3
CurrentVoltage.csv,2019-06-27 15:44:00,2,"344,345",False,3,"VL1,VL2,VL3",VL1=235.8..236.5;VL2=235.9..236.6;VL3=235.9..236.6
CurrentVoltage.csv,2019-06-28 10:46:00,2,"348,349",False,3,"VL1,VL2,VL3",VL1=238.8..238.9;VL2=238.8..239.0;VL3=238.8..239.0
CurrentVoltage.csv,2019-06-28 10:48:00,2,"351,352",False,3,"VL1,VL2,VL3",VL1=238.7..238.8;VL2=238.7..238.9;VL3=238.7..238.9
CurrentVoltage.csv,2019-06-28 10:50:00,2,"354,355",False,3,"VL1,VL2,VL3",VL1=238.5..239.0;VL2=238.6..239.0;VL3=238.6..239.0
CurrentVoltage.csv,2019-06-28 10:52:00,2,"357,358",False,3,"VL1,VL2,VL3",VL1=238.4..238.6;VL2=238.5..238.6;VL3=238.5..238.6
CurrentVoltage.csv,2019-06-28 10:54:00,2,"360,361",False,3,"VL1,VL2,VL3",VL1=238.5..238.8;VL2=238.6..238.9;VL3=238.6..238.9
CurrentVoltage.csv,2019-06-28 10:56:00,2,"363,364",False,3,"VL1,VL2,VL3",VL1=238.7..239.0;VL2=238.7..239.0;VL3=238.7..239.1
CurrentVoltage.csv,2019-06-28 10:58:00,2,"366,367",False,1,VL3,VL3=239.0..239.1
CurrentVoltage.csv,2019-06-28 11:00:00,2,"369,370",False,3,"VL1,VL2,VL3",VL1=238.7..238.9;VL2=238.7..239.0;VL3=238.7..239.0
CurrentVoltage.csv,2019-06-28 11:02:00,2,"372,373",True,0,,
CurrentVoltage.csv,2019-06-28 11:04:00,2,"375,376",False,3,"VL1,VL2,VL3",VL1=238.2..238.7;VL2=238.3..238.7;VL3=238.3..238.8
CurrentVoltage.csv,2019-06-28 11:06:00,2,"378,379",False,3,"VL1,VL2,VL3",VL1=238.4..239.1;VL2=238.4..239.1;VL3=238.5..239.2
CurrentVoltage.csv,2019-06-28 11:08:00,2,"381,382",False,3,"VL1,VL2,VL3",VL1=238.1..238.2;VL2=238.1..238.2;VL3=238.2..238.3
CurrentVoltage.csv,2019-06-28 11:10:00,2,"384,385",False,2,"VL1,VL3",VL1=237.8..237.9;VL3=237.9..238.0
CurrentVoltage.csv,2019-06-28 11:12:00,2,"387,388",False,3,"VL1,VL2,VL3",VL1=237.6..238.0;VL2=237.6..238.0;VL3=237.7..238.0
CurrentVoltage.csv,2019-06-28 11:14:00,2,"390,391",False,3,"VL1,VL2,VL3",VL1=237.2..237.5;VL2=237.3..237.6;VL3=237.3..237.6
CurrentVoltage.csv,2019-06-28 11:16:00,2,"393,394",False,3,"VL1,VL2,VL3",VL1=237.8..238.2;VL2=237.9..238.3;VL3=237.9..238.3
CurrentVoltage.csv,2019-06-28 11:18:00,2,"396,397",False,3,"VL1,VL2,VL3",VL1=237.9..238.3;VL2=238.0..238.4;VL3=238.0..238.4
CurrentVoltage.csv,2019-06-28 11:20:00,2,"399,400",False,3,"VL1,VL2,VL3",VL1=237.1..237.3;VL2=237.1..237.3;VL3=237.2..237.4
CurrentVoltage.csv,2019-06-28 11:22:00,2,"402,403",False,3,"VL1,VL2,VL3",VL1=236.7..237.3;VL2=236.8..237.3;VL3=236.8..237.4
CurrentVoltage.csv,2019-06-28 11:24:00,2,"405,406",False,3,"VL1,VL2,VL3",VL1=237.7..238.2;VL2=237.8..238.2;VL3=237.8..238.3
CurrentVoltage.csv,2019-06-28 11:26:00,2,"408,409",False,3,"VL1,VL2,VL3",VL1=237.1..238.1;VL2=237.2..238.1;VL3=237.2..238.1
CurrentVoltage.csv,2019-06-28 12:26:00,2,"411,412",False,3,"VL1,VL2,VL3",VL1=238.5..239.3;VL2=238.6..239.4;VL3=238.6..239.4
CurrentVoltage.csv,2019-06-28 12:30:00,2,"416,417",False,3,"VL1,VL2,VL3",VL1=238.7..239.3;VL2=238.8..239.3;VL3=238.8..239.3
CurrentVoltage.csv,2019-06-28 12:44:00,2,"425,426",False,3,"VL1,VL2,VL3",VL1=237.4..238.1;VL2=237.5..238.2;VL3=237.5..238.2
CurrentVoltage.csv,2019-06-28 12:46:00,2,"428,429",False,3,"VL1,VL2,VL3",VL1=238.2..238.5;VL2=238.3..238.5;VL3=238.3..238.6
CurrentVoltage.csv,2019-06-28 12:48:00,2,"431,432",False,3,"VL1,VL2,VL3",VL1=238.3..238.4;VL2=238.4..238.5;VL3=238.4..238.5
CurrentVoltage.csv,2019-06-28 12:50:00,2,"434,435",False,3,"VL1,VL2,VL3",VL1=238.4..239.0;VL2=238.5..239.0;VL3=238.5..239.0
CurrentVoltage.csv,2019-06-28 12:52:00,2,"437,438",False,3,"VL1,VL2,VL3",VL1=237.8..237.9;VL2=237.8..237.9;VL3=237.9..238.0
CurrentVoltage.csv,2019-06-28 12:54:00,2,"440,441",True,0,,
CurrentVoltage.csv,2019-06-28 12:56:00,2,"443,444",False,3,"VL1,VL2,VL3",VL1=239.3..239.6;VL2=239.3..239.6;VL3=239.4..239.6
CurrentVoltage.csv,2019-06-28 12:58:00,2,"446,447",False,3,"VL1,VL2,VL3",VL1=239.8..240.0;VL2=239.9..240.0;VL3=239.9..240.0
CurrentVoltage.csv,2019-06-28 13:00:00,2,"449,450",False,3,"VL1,VL2,VL3",VL1=239.8..240.3;VL2=239.8..240.4;VL3=239.8..240.4
CurrentVoltage.csv,2019-06-28 13:02:00,2,"452,453",False,3,"VL1,VL2,VL3",VL1=241.0..241.4;VL2=241.0..241.4;VL3=241.1..241.4
CurrentVoltage.csv,2019-06-28 13:06:00,2,"456,457",False,3,"VL1,VL2,VL3",VL1=240.3..241.7;VL2=240.4..241.7;VL3=240.4..241.7
CurrentVoltage.csv,2019-06-28 13:08:00,2,"459,460",False,3,"VL1,VL2,VL3",VL1=241.2..241.7;VL2=241.3..241.8;VL3=241.3..241.8
CurrentVoltage.csv,2019-06-28 13:10:00,2,"462,463",False,3,"VL1,VL2,VL3",VL1=240.3..241.3;VL2=240.4..241.4;VL3=240.5..241.4
CurrentVoltage.csv,2019-06-28 13:12:00,2,"465,466",False,3,"VL1,VL2,VL3",VL1=241.3..241.5;VL2=241.4..241.6;VL3=241.4..241.6
CurrentVoltage.csv,2019-06-28 13:14:00,2,"468,469",False,3,"VL1,VL2,VL3",VL1=241.3..241.4;VL2=241.3..241.5;VL3=241.4..241.5
CurrentVoltage.csv,2019-06-28 13:16:00,2,"471,472",False,3,"VL1,VL2,VL3",VL1=241.2..241.6;VL2=241.2..241.7;VL3=241.2..241.7
CurrentVoltage.csv,2019-06-28 13:18:00,2,"474,475",False,3,"VL1,VL2,VL3",VL1=240.8..241.3;VL2=240.9..241.4;VL3=240.9..241.4
CurrentVoltage.csv,2019-06-28 13:20:00,2,"477,478",False,3,"VL1,VL2,VL3",VL1=240.6..241.0;VL2=240.7..241.1;VL3=240.7..241.1
CurrentVoltage.csv,2019-06-28 13:22:00,2,"480,481",False,3,"VL1,VL2,VL3",VL1=241.9..242.0;VL2=242.0..242.1;VL3=242.0..242.1
CurrentVoltage.csv,2019-06-28 13:24:00,2,"483,484",False,3,"VL1,VL2,VL3",VL1=241.3..241.6;VL2=241.4..241.6;VL3=241.4..241.7
CurrentVoltage.csv,2019-06-28 13:26:00,2,"486,487",False,3,"VL1,VL2,VL3",VL1=241.6..241.8;VL2=241.7..241.9;VL3=241.7..241.9
CurrentVoltage.csv,2019-06-28 13:28:00,2,"489,490",False,3,"VL1,VL2,VL3",VL1=241.9..242.1;VL2=242.0..242.2;VL3=242.0..242.2
CurrentVoltage.csv,2019-06-28 13:30:00,2,"492,493",False,2,"VL1,VL3",VL1=241.3..241.4;VL3=241.4..241.5
CurrentVoltage.csv,2019-06-28 13:32:00,2,"495,496",True,0,,
CurrentVoltage.csv,2019-06-28 13:34:00,2,"498,499",False,3,"VL1,VL2,VL3",VL1=241.5..242.0;VL2=241.6..242.0;VL3=241.6..242.1
CurrentVoltage.csv,2019-06-28 13:36:00,2,"501,502",False,3,"VL1,VL2,VL3",VL1=241.7..241.9;VL2=241.7..241.9;VL3=241.8..242.0
CurrentVoltage.csv,2019-06-28 13:38:00,2,"504,505",True,0,,
CurrentVoltage.csv,2019-06-28 13:40:00,2,"507,508",False,3,"VL1,VL2,VL3",VL1=240.2..241.2;VL2=240.2..241.3;VL3=240.3..241.3
CurrentVoltage.csv,2019-06-28 13:42:00,2,"510,511",False,3,"VL1,VL2,VL3",VL1=240.7..241.2;VL2=240.8..241.3;VL3=240.8..241.3
CurrentVoltage.csv,2019-06-28 13:44:00,2,"513,514",False,3,"VL1,VL2,VL3",VL1=240.2..240.7;VL2=240.2..240.8;VL3=240.3..240.8
CurrentVoltage.csv,2019-06-28 13:46:00,2,"516,517",False,3,"VL1,VL2,VL3",VL1=240.9..241.1;VL2=241.0..241.1;VL3=241.0..241.2
CurrentVoltage.csv,2019-06-28 13:48:00,2,"519,520",False,3,"VL1,VL2,VL3",VL1=241.1..241.2;VL2=241.1..241.3;VL3=241.2..241.3
CurrentVoltage.csv,2019-06-28 13:50:00,2,"522,523",False,3,"VL1,VL2,VL3",VL1=240.7..241.2;VL2=240.8..241.3;VL3=240.8..241.3
CurrentVoltage.csv,2019-06-28 13:52:00,2,"525,526",False,3,"VL1,VL2,VL3",VL1=240.9..241.0;VL2=241.0..241.1;VL3=241.0..241.1
CurrentVoltage.csv,2019-06-28 13:54:00,2,"528,529",False,3,"VL1,VL2,VL3",VL1=237.1..237.7;VL2=237.2..237.8;VL3=237.2..237.8
CurrentVoltage.csv,2019-06-28 13:56:00,2,"531,532",False,3,"VL1,VL2,VL3",VL1=237.7..237.8;VL2=237.8..237.9;VL3=237.8..237.9
CurrentVoltage.csv,2019-06-28 13:58:00,2,"534,535",False,3,"VL1,VL2,VL3",VL1=238.3..238.5;VL2=238.4..238.5;VL3=238.4..238.6
CurrentVoltage.csv,2019-06-28 14:10:00,2,"539,540",False,3,"VL1,VL2,VL3",VL1=237.4..237.6;VL2=237.5..237.7;VL3=237.5..237.7
CurrentVoltage.csv,2019-06-28 14:12:00,2,"542,543",False,3,"VL1,VL2,VL3",VL1=236.0..237.2;VL2=236.0..237.2;VL3=236.1..237.2
CurrentVoltage.csv,2019-06-28 14:14:00,2,"545,546",False,3,"VL1,VL2,VL3",VL1=236.0..236.8;VL2=236.0..236.8;VL3=236.1..236.8
CurrentVoltage.csv,2019-06-28 14:16:00,2,"548,549",False,2,"VL2,VL3",VL2=237.0..237.1;VL3=237.0..237.1
CurrentVoltage.csv,2019-06-28 14:18:00,2,"551,552",False,3,"VL1,VL2,VL3",VL1=235.4..237.1;VL2=235.5..237.1;VL3=235.5..237.2
CurrentVoltage.csv,2019-06-28 14:20:00,2,"554,555",True,0,,
CurrentVoltage.csv,2019-06-28 14:22:00,2,"557,558",False,3,"VL1,VL2,VL3",VL1=236.9..237.3;VL2=237.0..237.3;VL3=237.0..237.4
CurrentVoltage.csv,2019-06-28 14:24:00,2,"560,561",False,3,"VL1,VL2,VL3",VL1=236.4..237.7;VL2=236.5..237.7;VL3=236.5..237.8
CurrentVoltage.csv,2019-06-28 14:26:00,2,"563,564",False,3,"VL1,VL2,VL3",VL1=236.8..237.2;VL2=236.9..237.3;VL3=236.9..237.3
CurrentVoltage.csv,2019-06-28 14:28:00,2,"566,567",False,3,"VL1,VL2,VL3",VL1=235.6..236.2;VL2=235.7..236.2;VL3=235.7..236.3
CurrentVoltage.csv,2019-06-28 14:30:00,2,"569,570",False,3,"VL1,VL2,VL3",VL1=236.7..236.8;VL2=236.7..236.9;VL3=236.8..236.9
CurrentVoltage.csv,2019-06-28 14:32:00,2,"572,573",False,3,"VL1,VL2,VL3",VL1=236.2..236.3;VL2=236.3..236.4;VL3=236.3..236.4
CurrentVoltage.csv,2019-06-28 14:34:00,2,"575,576",False,3,"VL1,VL2,VL3",VL1=235.8..236.8;VL2=235.9..236.9;VL3=235.9..236.9
CurrentVoltage.csv,2019-06-28 14:36:00,2,"578,579",False,3,"VL1,VL2,VL3",VL1=236.8..236.9;VL2=236.9..237.0;VL3=236.9..237.0
CurrentVoltage.csv,2019-06-28 14:38:00,2,"581,582",False,3,"VL1,VL2,VL3",VL1=235.5..236.4;VL2=235.5..236.5;VL3=235.6..236.5
CurrentVoltage.csv,2019-06-28 14:40:00,2,"584,585",False,3,"VL1,VL2,VL3",VL1=236.5..236.8;VL2=236.5..236.9;VL3=236.6..236.9
CurrentVoltage.csv,2019-06-28 14:42:00,2,"587,588",False,3,"VL1,VL2,VL3",VL1=235.9..236.4;VL2=236.0..236.6;VL3=236.0..236.6
CurrentVoltage.csv,2019-06-28 14:44:00,2,"590,591",False,3,"VL1,VL2,VL3",VL1=237.3..240.4;VL2=237.4..240.4;VL3=237.4..240.4
CurrentVoltage.csv,2019-06-28 14:46:00,2,"593,594",True,0,,
CurrentVoltage.csv,2019-06-28 14:48:00,2,"596,597",False,3,"VL1,VL2,VL3",VL1=237.1..238.1;VL2=237.2..238.1;VL3=237.2..238.2
CurrentVoltage.csv,2019-06-28 14:50:00,2,"599,600",False,3,"VL1,VL2,VL3",VL1=238.0..238.4;VL2=238.0..238.5;VL3=238.1..238.5
CurrentVoltage.csv,2019-06-28 14:52:00,2,"602,603",False,2,"VL1,VL3",VL1=237.3..237.4;VL3=237.4..237.5
CurrentVoltage.csv,2019-06-28 14:54:00,2,"605,606",False,3,"VL1,VL2,VL3",VL1=237.7..238.2;VL2=237.8..238.2;VL3=237.8..238.3
CurrentVoltage.csv,2019-06-28 14:56:00,2,"608,609",False,3,"VL1,VL2,VL3",VL1=237.6..237.8;VL2=237.6..237.8;VL3=237.7..237.8
CurrentVoltage.csv,2019-06-28 14:58:00,2,"611,612",False,3,"VL1,VL2,VL3",VL1=236.6..236.7;VL2=236.7..236.8;VL3=236.7..236.8
CurrentVoltage.csv,2019-06-28 15:00:00,2,"614,615",False,3,"VL1,VL2,VL3",VL1=237.4..237.9;VL2=237.4..237.9;VL3=237.5..237.9
CurrentVoltage.csv,2019-06-28 15:02:00,2,"617,618",False,3,"VL1,VL2,VL3",VL1=238.0..238.1;VL2=238.1..238.2;VL3=238.1..238.3
CurrentVoltage.csv,2019-06-28 15:04:00,2,"620,621",False,3,"VL1,VL2,VL3",VL1=236.7..237.4;VL2=236.7..237.5;VL3=236.8..237.5
CurrentVoltage.csv,2019-06-28 15:06:00,2,"623,624",False,3,"VL1,VL2,VL3",VL1=237.5..237.9;VL2=237.6..237.9;VL3=237.6..238.0
CurrentVoltage.csv,2019-06-28 15:08:00,2,"626,627",False,3,"VL1,VL2,VL3",VL1=237.5..238.1;VL2=237.5..238.2;VL3=237.6..238.2
CurrentVoltage.csv,2019-06-28 15:10:00,2,"629,630",False,3,"VL1,VL2,VL3",VL1=236.8..237.2;VL2=236.8..237.3;VL3=236.9..237.3
CurrentVoltage.csv,2019-06-28 15:12:00,2,"632,633",False,3,"VL1,VL2,VL3",VL1=237.7..238.1;VL2=237.7..238.2;VL3=237.8..238.2
CurrentVoltage.csv,2019-06-28 15:14:00,2,"635,636",False,3,"VL1,VL2,VL3",VL1=236.9..237.8;VL2=237.0..237.8;VL3=237.0..237.9
CurrentVoltage.csv,2019-06-28 15:16:00,2,"638,639",True,0,,
CurrentVoltage.csv,2019-06-28 15:18:00,2,"641,642",False,2,"VL1,VL3",VL1=237.0..237.1;VL3=237.1..237.2
CurrentVoltage.csv,2019-06-28 15:20:00,2,"644,645",False,3,"VL1,VL2,VL3",VL1=238.3..238.6;VL2=238.4..238.6;VL3=238.4..238.7
CurrentVoltage.csv,2019-06-28 15:22:00,2,"647,648",False,3,"VL1,VL2,VL3",VL1=237.8..238.4;VL2=237.8..238.4;VL3=237.9..238.5
CurrentVoltage.csv,2019-06-28 15:24:00,2,"650,651",False,3,"VL1,VL2,VL3",VL1=237.8..238.3;VL2=237.8..238.4;VL3=237.8..238.4
CurrentVoltage.csv,2019-06-28 15:26:00,2,"653,654",False,3,"VL1,VL2,VL3",VL1=238.0..238.2;VL2=238.1..238.3;VL3=238.1..238.3
CurrentVoltage.csv,2019-06-28 15:28:00,2,"656,657",False,3,"VL1,VL2,VL3",VL1=237.1..237.3;VL2=237.1..237.4;VL3=237.2..237.4
CurrentVoltage.csv,2019-06-28 15:30:00,2,"659,660",False,1,VL2,VL2=238.4..238.5
CurrentVoltage.csv,2019-06-28 15:32:00,2,"662,663",False,3,"VL1,VL2,VL3",VL1=237.4..238.3;VL2=237.4..238.4;VL3=237.4..238.4
CurrentVoltage.csv,2019-06-28 15:34:00,2,"665,666",False,2,"VL1,VL2",VL1=238.7..238.8;VL2=238.7..238.8
CurrentVoltage.csv,2019-06-28 15:36:00,2,"668,669",False,3,"VL1,VL2,VL3",VL1=238.6..238.9;VL2=238.7..238.9;VL3=238.7..239.0
CurrentVoltage.csv,2019-06-28 15:38:00,2,"671,672",False,3,"VL1,VL2,VL3",VL1=237.3..237.9;VL2=237.4..237.9;VL3=237.4..238.0
CurrentVoltage.csv,2019-06-28 15:40:00,2,"674,675",False,3,"VL1,VL2,VL3",VL1=238.3..238.4;VL2=238.4..238.5;VL3=238.4..238.5
CurrentVoltage.csv,2019-06-28 15:42:00,2,"677,678",False,3,"VL1,VL2,VL3",VL1=237.8..237.9;VL2=237.9..238.0;VL3=237.9..238.0
CurrentVoltage.csv,2019-06-28 15:44:00,2,"680,681",False,3,"VL1,VL2,VL3",VL1=238.0..238.3;VL2=238.1..238.4;VL3=238.1..238.4
CurrentVoltage.csv,2019-06-28 15:46:00,2,"683,684",False,3,"VL1,VL2,VL3",VL1=238.2..238.6;VL2=238.3..238.6;VL3=238.3..238.6
CurrentVoltage.csv,2019-06-28 15:48:00,2,"686,687",False,1,VL2,VL2=238.4..238.5
CurrentVoltage.csv,2019-06-28 15:50:00,2,"689,690",False,3,"VL1,VL2,VL3",VL1=237.7..238.1;VL2=237.8..238.2;VL3=237.8..238.2
CurrentVoltage.csv,2019-06-28 15:52:00,2,"692,693",False,3,"VL1,VL2,VL3",VL1=238.5..239.0;VL2=238.5..239.0;VL3=238.6..239.0
CurrentVoltage.csv,2019-06-28 15:54:00,2,"695,696",False,3,"VL1,VL2,VL3",VL1=238.3..238.8;VL2=238.4..238.8;VL3=238.4..238.9
CurrentVoltage.csv,2019-06-28 15:56:00,2,"698,699",False,3,"VL1,VL2,VL3",VL1=238.2..238.3;VL2=238.2..238.4;VL3=238.2..238.4
CurrentVoltage.csv,2019-06-28 15:58:00,2,"701,702",False,3,"VL1,VL2,VL3",VL1=238.5..238.7;VL2=238.6..238.8;VL3=238.6..238.8
CurrentVoltage.csv,2019-06-28 16:00:00,2,"704,705",False,3,"VL1,VL2,VL3",VL1=238.1..238.7;VL2=238.1..238.8;VL3=238.2..238.8
CurrentVoltage.csv,2019-06-28 16:02:00,2,"707,708",False,3,"VL1,VL2,VL3",VL1=239.4..239.5;VL2=239.5..239.6;VL3=239.5..239.6
CurrentVoltage.csv,2019-06-28 16:04:00,2,"710,711",False,3,"VL1,VL2,VL3",VL1=237.9..238.1;VL2=238.0..238.1;VL3=238.0..238.2
CurrentVoltage.csv,2019-06-28 16:06:00,2,"713,714",True,0,,
CurrentVoltage.csv,2019-06-28 16:08:00,2,"716,717",True,0,,
CurrentVoltage.csv,2019-06-28 16:10:00,2,"719,720",False,3,"VL1,VL2,VL3",VL1=238.3..238.8;VL2=238.3..238.9;VL3=238.4..238.9
CurrentVoltage.csv,2019-06-28 16:12:00,2,"722,723",False,3,"VL1,VL2,VL3",VL1=238.5..239.0;VL2=238.6..239.0;VL3=238.6..239.1
CurrentVoltage.csv,2019-06-28 16:14:00,2,"725,726",False,2,"VL2,VL3",VL2=238.6..238.7;VL3=238.6..238.7
CurrentVoltage.csv,2019-06-28 16:16:00,2,"728,729",False,3,"VL1,VL2,VL3",VL1=238.6..238.7;VL2=238.6..238.7;VL3=238.6..238.8
CurrentVoltage.csv,2019-06-28 16:18:00,2,"731,732",False,3,"VL1,VL2,VL3",VL1=238.7..239.3;VL2=238.8..239.3;VL3=238.8..239.4
CurrentVoltage.csv,2019-06-28 16:20:00,2,"734,735",True,0,,
CurrentVoltage.csv,2019-06-28 16:22:00,2,"737,738",False,3,"VL1,VL2,VL3",VL1=238.9..239.8;VL2=239.0..239.9;VL3=239.0..239.9
CurrentVoltage.csv,2019-06-28 16:24:00,2,"740,741",False,1,VL2,VL2=240.5..240.6
CurrentVoltage.csv,2019-06-28 16:26:00,2,"743,744",False,3,"VL1,VL2,VL3",VL1=239.1..240.6;VL2=239.2..240.7;VL3=239.2..240.7
CurrentVoltage.csv,2019-06-28 16:28:00,2,"746,747",False,3,"VL1,VL2,VL3",VL1=240.1..240.4;VL2=240.2..240.5;VL3=240.2..240.5
CurrentVoltage.csv,2019-06-28 16:30:00,2,"749,750",False,3,"VL1,VL2,VL3",VL1=238.8..239.9;VL2=238.8..240.0;VL3=238.9..240.0
CurrentVoltage.csv,2019-06-28 16:32:00,2,"752,753",False,2,"VL1,VL3",VL1=239.7..239.8;VL3=239.8..239.9
CurrentVoltage.csv,2019-06-28 16:34:00,2,"755,756",False,3,"VL1,VL2,VL3",VL1=239.8..239.9;VL2=239.8..240.0;VL3=239.9..240.0
CurrentVoltage.csv,2019-06-28 16:36:00,2,"758,759",False,3,"VL1,VL2,VL3",VL1=239.0..240.2;VL2=239.1..240.3;VL3=239.1..240.3
CurrentVoltage.csv,2019-06-28 16:38:00,2,"761,762",False,3,"VL1,VL2,VL3",VL1=239.5..240.0;VL2=239.6..240.0;VL3=239.6..240.1
CurrentVoltage.csv,2019-06-28 16:40:00,2,"764,765",False,3,"VL1,VL2,VL3",VL1=238.8..238.9;VL2=238.8..238.9;VL3=238.9..239.0
CurrentVoltage.csv,2019-06-28 16:42:00,2,"767,768",False,3,"VL1,VL2,VL3",VL1=239.6..239.9;VL2=239.6..240.0;VL3=239.7..240.0
CurrentVoltage.csv,2019-06-28 16:44:00,2,"770,771",False,3,"VL1,VL2,VL3",VL1=239.6..239.8;VL2=239.7..239.8;VL3=239.7..239.9
CurrentVoltage.csv,2019-06-28 16:46:00,2,"773,774",False,3,"VL1,VL2,VL3",VL1=238.5..239.3;VL2=238.6..239.4;VL3=238.6..239.4
CurrentVoltage.csv,2019-06-28 16:48:00,2,"776,777",False,3,"VL1,VL2,VL3",VL1=239.6..239.9;VL2=239.6..239.9;VL3=239.7..239.9
CurrentVoltage.csv,2019-06-28 16:50:00,2,"779,780",False,3,"VL1,VL2,VL3",VL1=239.2..239.7;VL2=239.3..239.8;VL3=239.3..239.8
CurrentVoltage.csv,2019-06-28 16:52:00,2,"782,783",False,3,"VL1,VL2,VL3",VL1=239.8..240.1;VL2=239.9..240.2;VL3=239.9..240.2
CurrentVoltage.csv,2019-06-28 16:54:00,2,"785,786",False,3,"VL1,VL2,VL3",VL1=239.7..240.0;VL2=239.8..240.0;VL3=239.8..240.1
CurrentVoltage.csv,2019-06-28 16:56:00,2,"788,789",True,0,,
CurrentVoltage.csv,2019-06-28 16:58:00,2,"791,792",False,3,"VL1,VL2,VL3",VL1=240.4..240.6;VL2=240.4..240.6;VL3=240.5..240.7
CurrentVoltage.csv,2019-06-28 17:00:00,2,"794,795",False,2,"VL1,VL3",VL1=240.2..240.3;VL3=240.3..240.4
CurrentVoltage.csv,2019-06-28 17:02:00,2,"797,798",False,3,"VL1,VL2,VL3",VL1=239.8..240.1;VL2=239.8..240.1;VL3=239.9..240.2
CurrentVoltage.csv,2019-06-28 17:04:00,2,"800,801",False,3,"VL1,VL2,VL3",VL1=240.8..240.9;VL2=240.9..241.0;VL3=240.9..241.0
CurrentVoltage.csv,2019-06-28 17:06:00,2,"803,804",False,3,"VL1,VL2,VL3",VL1=240.4..240.5;VL2=240.5..240.6;VL3=240.5..240.6
CurrentVoltage.csv,2019-06-28 17:08:00,2,"806,807",True,0,,
CurrentVoltage.csv,2019-06-28 17:10:00,2,"809,810",False,3,"VL1,VL2,VL3",VL1=240.7..241.0;VL2=240.8..241.1;VL3=240.8..241.1
CurrentVoltage.csv,2019-06-28 17:12:00,2,"812,813",False,1,VL2,VL2=240.4..240.5
CurrentVoltage.csv,2019-06-28 17:14:00,2,"815,816",False,3,"VL1,VL2,VL3",VL1=239.5..240.7;VL2=239.6..240.7;VL3=239.6..240.7
CurrentVoltage.csv,2019-06-28 17:16:00,2,"818,819",False,3,"VL1,VL2,VL3",VL1=240.0..240.6;VL2=240.0..240.6;VL3=240.0..240.7
CurrentVoltage.csv,2019-06-28 17:18:00,2,"821,822",False,3,"VL1,VL2,VL3",VL1=239.7..239.9;VL2=239.7..240.0;VL3=239.7..240.0
CurrentVoltage.csv,2019-06-28 17:20:00,2,"824,825",False,2,"VL1,VL3",VL1=240.7..240.8;VL3=240.8..240.9
CurrentVoltage.csv,2019-06-28 17:22:00,2,"827,828",True,0,,
CurrentVoltage.csv,2019-06-28 17:24:00,2,"830,831",False,3,"VL1,VL2,VL3",VL1=239.8..240.7;VL2=239.9..240.8;VL3=239.9..240.8
CurrentVoltage.csv,2019-06-28 17:26:00,2,"833,834",False,3,"VL1,VL2,VL3",VL1=240.8..240.9;VL2=240.8..241.0;VL3=240.8..241.0
CurrentVoltage.csv,2019-06-28 17:28:00,2,"836,837",False,3,"VL1,VL2,VL3",VL1=240.2..240.4;VL2=240.2..240.5;VL3=240.3..240.5
CurrentVoltage.csv,2019-06-28 17:30:00,2,"839,840",False,2,"VL1,VL3",VL1=240.9..241.0;VL3=241.0..241.1
CurrentVoltage.csv,2019-06-28 17:32:00,2,"842,843",False,3,"VL1,VL2,VL3",VL1=239.8..241.2;VL2=239.8..241.3;VL3=239.9..241.3
CurrentVoltage.csv,2019-06-28 17:34:00,2,"845,846",False,3,"VL1,VL2,VL3",VL1=240.7..241.2;VL2=240.8..241.3;VL3=240.8..241.3
CurrentVoltage.csv,2019-06-28 17:36:00,2,"848,849",False,3,"VL1,VL2,VL3",VL1=240.1..241.0;VL2=240.2..241.0;VL3=240.2..241.1
CurrentVoltage.csv,2019-06-28 17:38:00,2,"851,852",False,3,"VL1,VL2,VL3",VL1=240.6..241.2;VL2=240.7..241.3;VL3=240.7..241.3
CurrentVoltage.csv,2019-06-28 17:40:00,2,"854,855",False,3,"VL1,VL2,VL3",VL1=239.8..240.5;VL2=239.8..240.5;VL3=239.9..240.6
CurrentVoltage.csv,2019-06-28 17:42:00,2,"857,858",False,3,"VL1,VL2,VL3",VL1=240.0..240.1;VL2=240.0..240.1;VL3=240.1..240.2
CurrentVoltage.csv,2019-06-28 17:44:00,2,"860,861",False,3,"VL1,VL2,VL3",VL1=239.5..240.2;VL2=239.5..240.3;VL3=239.6..240.3
CurrentVoltage.csv,2019-06-28 17:46:00,2,"863,864",False,3,"VL1,VL2,VL3",VL1=239.4..240.0;VL2=239.4..240.0;VL3=239.5..240.0
CurrentVoltage.csv,2019-06-28 17:48:00,2,"866,867",False,3,"VL1,VL2,VL3",VL1=241.0..241.2;VL2=241.1..241.3;VL3=241.1..241.3
CurrentVoltage.csv,2019-06-28 17:50:00,2,"869,870",False,1,VL1,VL1=240.6..240.7
CurrentVoltage.csv,2019-06-28 17:52:00,2,"872,873",False,3,"VL1,VL2,VL3",VL1=239.5..240.8;VL2=239.5..240.9;VL3=239.6..240.9
CurrentVoltage.csv,2019-06-28 17:54:00,2,"875,876",False,3,"VL1,VL2,VL3",VL1=240.8..240.9;VL2=240.9..241.0;VL3=240.9..241.0
CurrentVoltage.csv,2019-06-29 10:24:00,2,"878,879",False,2,"VL2,VL3",VL2=242.2..242.3;VL3=242.2..242.3
CurrentVoltage.csv,2019-06-29 11:14:00,2,"884,885",False,3,"VL1,VL2,VL3",VL1=240.8..241.2;VL2=240.9..241.3;VL3=240.9..241.3
CurrentVoltage.csv,2019-06-29 11:16:00,2,"887,888",False,3,"VL1,VL2,VL3",VL1=241.3..241.6;VL2=241.4..241.6;VL3=241.4..241.6
CurrentVoltage.csv,2019-06-29 11:18:00,2,"890,891",False,3,"VL1,VL2,VL3",VL1=240.3..241.3;VL2=240.3..241.3;VL3=240.3..241.3
CurrentVoltage.csv,2019-06-29 11:20:00,2,"893,894",False,3,"VL1,VL2,VL3",VL1=240.3..241.3;VL2=240.4..241.4;VL3=240.4..241.4
CurrentVoltage.csv,2019-06-29 11:22:00,2,"896,897",False,3,"VL1,VL2,VL3",VL1=240.9..241.1;VL2=241.0..241.2;VL3=241.0..241.2
CurrentVoltage.csv,2019-06-29 11:24:00,2,"899,900",False,3,"VL1,VL2,VL3",VL1=240.4..240.9;VL2=240.5..240.9;VL3=240.5..241.0
CurrentVoltage.csv,2019-06-29 11:28:00,2,"902,903",False,3,"VL1,VL2,VL3",VL1=239.4..239.6;VL2=239.5..239.6;VL3=239.5..239.7
CurrentVoltage.csv,2019-06-29 11:30:00,2,"905,906",True,0,,
CurrentVoltage.csv,2019-06-29 11:32:00,2,"908,909",False,3,"VL1,VL2,VL3",VL1=240.2..240.4;VL2=240.3..240.5;VL3=240.3..240.5
CurrentVoltage.csv,2019-06-29 11:34:00,2,"911,912",False,3,"VL1,VL2,VL3",VL1=239.7..240.8;VL2=239.7..240.8;VL3=239.8..240.8
CurrentVoltage.csv,2019-06-29 11:36:00,2,"914,915",False,3,"VL1,VL2,VL3",VL1=239.6..239.7;VL2=239.6..239.8;VL3=239.7..239.8
CurrentVoltage.csv,2019-06-29 11:38:00,2,"917,918",True,0,,
CurrentVoltage.csv,2019-06-29 11:40:00,2,"920,921",False,3,"VL1,VL2,VL3",VL1=239.9..240.4;VL2=239.9..240.5;VL3=240.0..240.5
CurrentVoltage.csv,2019-06-29 11:44:00,2,"923,924",True,0,,
CurrentVoltage.csv,2019-06-29 11:46:00,2,"926,927",False,3,"VL1,VL2,VL3",VL1=239.9..240.1;VL2=239.9..240.1;VL3=239.9..240.1
CurrentVoltage.csv,2019-06-29 11:49:00,2,"930,931",False,3,"VL1,VL2,VL3",VL1=240.3..240.8;VL2=240.3..240.9;VL3=240.4..240.9
CurrentVoltage.csv,2019-06-29 11:52:00,2,"933,934",False,3,"VL1,VL2,VL3",VL1=240.5..240.7;VL2=240.6..240.8;VL3=240.6..240.8
CurrentVoltage.csv,2019-06-29 11:54:00,2,"936,937",False,3,"VL1,VL2,VL3",VL1=240.1..240.4;VL2=240.2..240.4;VL3=240.2..240.4
CurrentVoltage.csv,2019-06-29 11:56:00,2,"939,940",False,3,"VL1,VL2,VL3",VL1=239.0..239.5;VL2=239.0..239.6;VL3=239.1..239.6
CurrentVoltage.csv,2019-06-29 11:58:00,2,"942,943",False,3,"VL1,VL2,VL3",VL1=238.8..240.0;VL2=238.9..240.0;VL3=238.9..240.0
CurrentVoltage.csv,2019-06-29 12:00:00,2,"945,946",False,3,"VL1,VL2,VL3",VL1=240.1..240.7;VL2=240.2..240.8;VL3=240.2..240.8
CurrentVoltage.csv,2019-06-29 12:10:00,2,"950,951",False,3,"VL1,VL2,VL3",VL1=240.8..241.2;VL2=240.9..241.3;VL3=240.9..241.3
CurrentVoltage.csv,2019-06-29 12:12:00,2,"953,954",False,3,"VL1,VL2,VL3",VL1=240.9..241.4;VL2=241.0..241.4;VL3=241.0..241.5
CurrentVoltage.csv,2019-06-29 12:16:00,2,"956,957",False,3,"VL1,VL2,VL3",VL1=240.8..241.2;VL2=240.9..241.2;VL3=240.9..241.3
CurrentVoltage.csv,2019-06-29 12:20:00,2,"959,960",False,3,"VL1,VL2,VL3",VL1=239.9..240.7;VL2=240.0..240.8;VL3=240.0..240.8
CurrentVoltage.csv,2019-06-29 12:22:00,2,"962,963",False,3,"VL1,VL2,VL3",VL1=240.4..241.2;VL2=240.4..241.3;VL3=240.5..241.3
CurrentVoltage.csv,2019-06-29 12:24:00,2,"965,966",False,2,"VL1,VL3",VL1=240.8..240.9;VL3=240.9..241.0
CurrentVoltage.csv,2019-06-29 12:54:00,2,"971,972",False,3,"VL1,VL2,VL3",VL1=242.2..242.4;VL2=242.3..242.4;VL3=242.3..242.5
CurrentVoltage.csv,2019-06-29 12:56:00,2,"974,975",False,3,"VL1,VL2,VL3",VL1=242.2..242.6;VL2=242.3..242.6;VL3=242.3..242.6
CurrentVoltage.csv,2019-06-29 12:58:00,2,"977,978",False,3,"VL1,VL2,VL3",VL1=243.3..243.8;VL2=243.4..243.8;VL3=243.4..243.9
CurrentVoltage.csv,2019-06-29 13:00:00,2,"980,981",False,3,"VL1,VL2,VL3",VL1=244.4..244.6;VL2=244.5..244.7;VL3=244.5..244.7
CurrentVoltage.csv,2019-06-29 13:02:00,2,"983,984",False,3,"VL1,VL2,VL3",VL1=244.4..244.6;VL2=244.4..244.7;VL3=244.4..244.7
CurrentVoltage.csv,2019-06-29 13:04:00,2,"986,987",False,3,"VL1,VL2,VL3",VL1=243.6..244.1;VL2=243.7..244.1;VL3=243.7..244.2
CurrentVoltage.csv,2019-06-29 13:06:00,2,"989,990",False,3,"VL1,VL2,VL3",VL1=244.7..244.9;VL2=244.8..245.0;VL3=244.8..245.0
CurrentVoltage.csv,2019-06-29 13:36:00,2,"1000,1001",False,2,"VL1,VL3",VL1=243.9..244.0;VL3=244.0..244.1
CurrentVoltage.csv,2019-06-29 13:40:00,2,"1003,1004",False,3,"VL1,VL2,VL3",VL1=243.3..243.6;VL2=243.4..243.7;VL3=243.4..243.7
CurrentVoltage.csv,2019-06-29 13:42:00,2,"1006,1007",False,1,VL2,VL2=243.9..244.0
CurrentVoltage.csv,2019-06-29 13:44:00,2,"1009,1010",False,3,"VL1,VL2,VL3",VL1=243.8..244.3;VL2=243.9..244.4;VL3=243.9..244.4
CurrentVoltage.csv,2019-06-29 13:46:00,2,"1012,1013",False,3,"VL1,VL2,VL3",VL1=243.9..244.1;VL2=243.9..244.2;VL3=244.0..244.2
CurrentVoltage.csv,2019-06-29 13:48:00,2,"1015,1016",False,3,"VL1,VL2,VL3",VL1=244.3..244.5;VL2=244.4..244.6;VL3=244.4..244.6
CurrentVoltage.csv,2019-06-29 13:50:00,2,"1018,1019",False,3,"VL1,VL2,VL3",VL1=244.3..244.4;VL2=244.3..244.5;VL3=244.4..244.5
CurrentVoltage.csv,2019-06-29 13:52:00,2,"1021,1022",False,3,"VL1,VL2,VL3",VL1=244.2..244.3;VL2=244.3..244.4;VL3=244.3..244.4
CurrentVoltage.csv,2019-06-29 13:54:00,2,"1024,1025",False,3,"VL1,VL2,VL3",VL1=243.0..243.1;VL2=243.1..243.2;VL3=243.1..243.2
CurrentVoltage.csv,2019-06-29 13:56:00,2,"1027,1028",False,3,"VL1,VL2,VL3",VL1=243.8..244.2;VL2=243.9..244.2;VL3=243.9..244.3
CurrentVoltage.csv,2019-06-29 13:58:00,2,"1030,1031",False,3,"VL1,VL2,VL3",VL1=245.7..245.9;VL2=245.7..245.9;VL3=245.8..246.0
CurrentVoltage.csv,2019-06-29 14:00:00,2,"1033,1034",False,3,"VL1,VL2,VL3",VL1=245.0..245.5;VL2=245.1..245.6;VL3=245.1..245.6
CurrentVoltage.csv,2019-06-29 14:02:00,2,"1036,1037",False,3,"VL1,VL2,VL3",VL1=244.8..245.2;VL2=244.9..245.3;VL3=244.9..245.3
CurrentVoltage.csv,2019-06-29 14:04:00,2,"1039,1040",False,3,"VL1,VL2,VL3",VL1=244.4..244.5;VL2=244.5..244.6;VL3=244.5..244.6
CurrentVoltage.csv,2019-06-29 14:06:00,2,"1042,1043",False,1,VL2,VL2=244.9..245.0
CurrentVoltage.csv,2019-06-29 14:08:00,2,"1045,1046",False,3,"VL1,VL2,VL3",VL1=243.6..243.8;VL2=243.7..243.8;VL3=243.7..243.9
CurrentVoltage.csv,2019-06-29 14:10:00,2,"1048,1049",False,3,"VL1,VL2,VL3",VL1=243.4..243.6;VL2=243.4..243.7;VL3=243.5..243.7
CurrentVoltage.csv,2019-06-29 14:12:00,2,"1051,1052",False,3,"VL1,VL2,VL3",VL1=243.8..244.0;VL2=243.9..244.0;VL3=243.9..244.1
CurrentVoltage.csv,2019-06-29 14:14:00,2,"1054,1055",True,0,,
CurrentVoltage.csv,2019-06-29 14:16:00,2,"1057,1058",False,3,"VL1,VL2,VL3",VL1=244.0..244.3;VL2=244.0..244.4;VL3=244.1..244.4
CurrentVoltage.csv,2019-06-29 14:18:00,2,"1060,1061",False,3,"VL1,VL2,VL3",VL1=243.0..243.1;VL2=243.1..243.2;VL3=243.1..243.2
CurrentVoltage.csv,2019-06-29 14:20:00,2,"1063,1064",False,3,"VL1,VL2,VL3",VL1=243.3..243.5;VL2=243.4..243.6;VL3=243.4..243.6
CurrentVoltage.csv,2019-06-29 14:22:00,2,"1066,1067",False,3,"VL1,VL2,VL3",VL1=243.3..243.7;VL2=243.4..243.8;VL3=243.4..243.8
CurrentVoltage.csv,2019-06-29 14:24:00,2,"1069,1070",False,3,"VL1,VL2,VL3",VL1=242.7..243.0;VL2=242.8..243.0;VL3=242.8..243.1
CurrentVoltage.csv,2019-06-29 14:26:00,2,"1072,1073",False,3,"VL1,VL2,VL3",VL1=243.0..243.5;VL2=243.1..243.6;VL3=243.1..243.6
CurrentVoltage.csv,2019-06-29 14:28:00,2,"1075,1076",False,1,VL2,VL2=243.7..243.8
CurrentVoltage.csv,2019-06-29 14:30:00,2,"1078,1079",False,3,"VL1,VL2,VL3",VL1=242.8..243.2;VL2=242.9..243.3;VL3=242.9..243.3
CurrentVoltage.csv,2019-06-29 14:32:00,2,"1081,1082",False,3,"VL1,VL2,VL3",VL1=243.2..243.3;VL2=243.3..243.4;VL3=243.3..243.4
CurrentVoltage.csv,2019-06-29 14:34:00,2,"1084,1085",False,3,"VL1,VL2,VL3",VL1=242.9..243.8;VL2=242.9..243.8;VL3=243.0..243.9
CurrentVoltage.csv,2019-06-29 14:36:00,2,"1087,1088",False,3,"VL1,VL2,VL3",VL1=243.1..243.3;VL2=243.2..243.4;VL3=243.2..243.4
CurrentVoltage.csv,2019-06-29 14:38:00,2,"1090,1091",True,0,,
CurrentVoltage.csv,2019-06-29 14:40:00,2,"1093,1094",False,3,"VL1,VL2,VL3",VL1=242.8..243.2;VL2=242.9..243.3;VL3=242.9..243.3
CurrentVoltage.csv,2019-06-29 14:42:00,2,"1096,1097",False,3,"VL1,VL2,VL3",VL1=242.2..242.3;VL2=242.3..242.4;VL3=242.3..242.4
CurrentVoltage.csv,2019-06-29 14:44:00,2,"1099,1100",True,0,,
CurrentVoltage.csv,2019-06-29 14:46:00,2,"1102,1103",False,3,"VL1,VL2,VL3",VL1=243.2..243.3;VL2=243.2..243.4;VL3=243.3..243.4
CurrentVoltage.csv,2019-06-29 14:48:00,2,"1105,1106",False,3,"VL1,VL2,VL3",VL1=241.6..241.9;VL2=241.6..241.9;VL3=241.6..242.0
CurrentVoltage.csv,2019-06-29 14:50:00,2,"1108,1109",False,3,"VL1,VL2,VL3",VL1=241.7..241.9;VL2=241.7..241.9;VL3=241.8..241.9
CurrentVoltage.csv,2019-06-29 14:52:00,2,"1111,1112",False,3,"VL1,VL2,VL3",VL1=242.6..242.9;VL2=242.6..243.0;VL3=242.7..243.0
CurrentVoltage.csv,2019-06-29 14:54:00,2,"1114,1115",False,3,"VL1,VL2,VL3",VL1=241.8..241.9;VL2=241.8..242.0;VL3=241.9..242.0
CurrentVoltage.csv,2019-06-29 14:56:00,2,"1117,1118",False,2,"VL1,VL3",VL1=242.0..242.1;VL3=242.1..242.2
CurrentVoltage.csv,2019-06-29 14:58:00,2,"1120,1121",False,3,"VL1,VL2,VL3",VL1=242.8..242.9;VL2=242.9..243.0;VL3=242.9..243.0
CurrentVoltage.csv,2019-06-29 15:00:00,2,"1123,1124",False,3,"VL1,VL2,VL3",VL1=241.6..243.0;VL2=241.7..243.0;VL3=241.7..243.1
CurrentVoltage.csv,2019-06-29 15:02:00,2,"1126,1127",False,3,"VL1,VL2,VL3",VL1=241.8..242.6;VL2=241.8..242.6;VL3=241.9..242.7
CurrentVoltage.csv,2019-06-29 15:04:00,2,"1129,1130",False,3,"VL1,VL2,VL3",VL1=243.6..243.7;VL2=243.6..243.7;VL3=243.7..243.8
CurrentVoltage.csv,2019-06-29 15:06:00,2,"1132,1133",False,3,"VL1,VL2,VL3",VL1=243.3..244.0;VL2=243.4..244.1;VL3=243.4..244.1
CurrentVoltage.csv,2019-06-29 15:08:00,2,"1135,1136",False,3,"VL1,VL2,VL3",VL1=243.4..243.5;VL2=243.4..243.6;VL3=243.5..243.6
CurrentVoltage.csv,2019-06-29 15:10:00,2,"1138,1139",False,3,"VL1,VL2,VL3",VL1=243.2..243.5;VL2=243.3..243.5;VL3=243.3..243.6
CurrentVoltage.csv,2019-06-29 15:12:00,2,"1141,1142",False,3,"VL1,VL2,VL3",VL1=242.1..243.0;VL2=242.1..243.1;VL3=242.2..243.1
CurrentVoltage.csv,2019-06-29 15:14:00,2,"1144,1145",False,3,"VL1,VL2,VL3",VL1=242.2..243.1;VL2=242.3..243.2;VL3=242.3..243.2
CurrentVoltage.csv,2019-06-29 15:16:00,2,"1147,1148",False,3,"VL1,VL2,VL3",VL1=243.6..243.9;VL2=243.6..244.0;VL3=243.6..244.0
CurrentVoltage.csv,2019-06-29 15:18:00,2,"1150,1151",False,2,"VL1,VL2",VL1=243.0..243.1;VL2=243.0..243.1
CurrentVoltage.csv,2019-06-29 15:20:00,2,"1153,1154",False,3,"VL1,VL2,VL3",VL1=241.5..241.8;VL2=241.6..241.8;VL3=241.6..241.8
CurrentVoltage.csv,2019-06-29 15:22:00,2,"1156,1157",False,3,"VL1,VL2,VL3",VL1=242.2..242.3;VL2=242.3..242.4;VL3=242.3..242.4
CurrentVoltage.csv,2019-06-29 15:24:00,2,"1159,1160",False,3,"VL1,VL2,VL3",VL1=241.9..242.7;VL2=242.0..242.7;VL3=242.0..242.8
CurrentVoltage.csv,2019-06-29 15:26:00,2,"1162,1163",False,3,"VL1,VL2,VL3",VL1=241.8..241.9;VL2=241.8..241.9;VL3=241.8..242.0
CurrentVoltage.csv,2019-06-29 15:28:00,2,"1165,1166",False,3,"VL1,VL2,VL3",VL1=241.3..242.5;VL2=241.3..242.5;VL3=241.4..242.6
CurrentVoltage.csv,2019-06-29 15:30:00,2,"1168,1169",False,3,"VL1,VL2,VL3",VL1=242.0..242.5;VL2=242.0..242.6;VL3=242.1..242.6
CurrentVoltage.csv,2019-06-29 15:32:00,2,"1171,1172",False,3,"VL1,VL2,VL3",VL1=241.6..242.3;VL2=241.6..242.4;VL3=241.7..242.4
CurrentVoltage.csv,2019-06-29 15:34:00,2,"1174,1175",False,3,"VL1,VL2,VL3",VL1=242.0..242.9;VL2=242.1..243.0;VL3=242.1..243.0
CurrentVoltage.csv,2019-06-29 15:36:00,2,"1177,1178",False,3,"VL1,VL2,VL3",VL1=242.5..243.0;VL2=242.6..243.1;VL3=242.6..243.1
CurrentVoltage.csv,2019-06-29 15:38:00,2,"1180,1181",False,3,"VL1,VL2,VL3",VL1=242.2..242.6;VL2=242.3..242.7;VL3=242.3..242.7
CurrentVoltage.csv,2019-06-29 15:40:00,2,"1183,1184",False,3,"VL1,VL2,VL3",VL1=242.2..243.4;VL2=242.2..243.5;VL3=242.3..243.5
CurrentVoltage.csv,2019-06-29 15:42:00,2,"1186,1187",False,3,"VL1,VL2,VL3",VL1=242.6..243.3;VL2=242.7..243.4;VL3=242.7..243.4
CurrentVoltage.csv,2019-06-29 15:44:00,2,"1189,1190",False,3,"VL1,VL2,VL3",VL1=243.2..243.3;VL2=243.3..243.4;VL3=243.3..243.4
CurrentVoltage.csv,2019-06-29 15:46:00,2,"1192,1193",True,0,,
CurrentVoltage.csv,2019-06-29 15:48:00,2,"1195,1196",False,3,"VL1,VL2,VL3",VL1=243.6..243.7;VL2=243.6..243.7;VL3=243.7..243.8
CurrentVoltage.csv,2019-06-29 15:50:00,2,"1198,1199",False,3,"VL1,VL2,VL3",VL1=242.5..243.3;VL2=242.6..243.3;VL3=242.6..243.4
CurrentVoltage.csv,2019-06-29 15:52:00,2,"1201,1202",False,3,"VL1,VL2,VL3",VL1=243.5..243.6;VL2=243.5..243.6;VL3=243.6..243.7
CurrentVoltage.csv,2019-06-29 15:54:00,2,"1204,1205",False,3,"VL1,VL2,VL3",VL1=243.7..244.4;VL2=243.8..244.4;VL3=243.8..244.5
CurrentVoltage.csv,2019-06-29 15:56:00,2,"1207,1208",False,3,"VL1,VL2,VL3",VL1=242.9..243.8;VL2=242.9..243.9;VL3=243.0..243.9
CurrentVoltage.csv,2019-06-29 15:58:00,2,"1210,1211",True,0,,
CurrentVoltage.csv,2019-06-29 16:00:00,2,"1213,1214",False,3,"VL1,VL2,VL3",VL1=244.3..244.7;VL2=244.3..244.7;VL3=244.4..244.7
CurrentVoltage.csv,2019-06-29 16:02:00,2,"1216,1217",False,3,"VL1,VL2,VL3",VL1=244.7..245.2;VL2=244.7..245.3;VL3=244.8..245.3
CurrentVoltage.csv,2019-06-29 16:04:00,2,"1219,1220",True,0,,
CurrentVoltage.csv,2019-06-29 16:06:00,2,"1222,1223",False,3,"VL1,VL2,VL3",VL1=243.8..244.5;VL2=243.9..244.5;VL3=243.9..244.6
CurrentVoltage.csv,2019-06-29 16:08:00,2,"1225,1226",False,3,"VL1,VL2,VL3",VL1=243.5..243.9;VL2=243.6..243.9;VL3=243.6..244.0
CurrentVoltage.csv,2019-06-29 16:10:00,2,"1228,1229",False,3,"VL1,VL2,VL3",VL1=244.6..244.8;VL2=244.7..244.8;VL3=244.7..244.9
CurrentVoltage.csv,2019-06-29 16:12:00,2,"1231,1232",False,3,"VL1,VL2,VL3",VL1=243.9..244.6;VL2=244.0..244.6;VL3=244.0..244.6
CurrentVoltage.csv,2019-06-29 16:14:00,2,"1234,1235",False,3,"VL1,VL2,VL3",VL1=244.4..244.7;VL2=244.5..244.8;VL3=244.5..244.8
CurrentVoltage.csv,2019-06-29 16:16:00,2,"1237,1238",False,3,"VL1,VL2,VL3",VL1=244.0..244.2;VL2=244.0..244.2;VL3=244.0..244.3
CurrentVoltage.csv,2019-06-29 16:18:00,2,"1240,1241",False,3,"VL1,VL2,VL3",VL1=244.7..245.3;VL2=244.8..245.4;VL3=244.8..245.4
CurrentVoltage.csv,2019-06-29 16:20:00,2,"1243,1244",False,3,"VL1,VL2,VL3",VL1=244.3..244.7;VL2=244.4..244.7;VL3=244.4..244.8
CurrentVoltage.csv,2019-06-29 16:22:00,2,"1246,1247",False,2,"VL1,VL3",VL1=244.1..244.2;VL3=244.2..244.3
CurrentVoltage.csv,2019-06-29 16:24:00,2,"1249,1250",False,3,"VL1,VL2,VL3",VL1=244.9..245.4;VL2=244.9..245.5;VL3=245.0..245.5
CurrentVoltage.csv,2019-06-29 16:26:00,2,"1252,1253",False,3,"VL1,VL2,VL3",VL1=244.7..245.4;VL2=244.7..245.4;VL3=244.8..245.5
CurrentVoltage.csv,2019-06-29 16:28:00,2,"1255,1256",False,3,"VL1,VL2,VL3",VL1=244.2..245.6;VL2=244.3..245.6;VL3=244.3..245.7
CurrentVoltage.csv,2019-06-29 16:30:00,2,"1258,1259",False,3,"VL1,VL2,VL3",VL1=244.2..245.1;VL2=244.2..245.2;VL3=244.3..245.2
CurrentVoltage.csv,2019-06-29 16:32:00,2,"1261,1262",False,3,"VL1,VL2,VL3",VL1=244.6..244.7;VL2=244.7..244.8;VL3=244.7..244.8
CurrentVoltage.csv,2019-06-29 16:34:00,2,"1264,1265",False,3,"VL1,VL2,VL3",VL1=244.9..245.0;VL2=244.9..245.1;VL3=244.9..245.1
CurrentVoltage.csv,2019-06-29 16:36:00,2,"1267,1268",False,3,"VL1,VL2,VL3",VL1=245.0..246.4;VL2=245.0..246.5;VL3=245.1..246.5
CurrentVoltage.csv,2019-06-29 16:38:00,2,"1270,1271",False,3,"VL1,VL2,VL3",VL1=244.2..245.1;VL2=244.3..245.2;VL3=244.3..245.2
CurrentVoltage.csv,2019-06-29 16:40:00,2,"1273,1274",False,1,VL2,VL2=245.1..245.2
CurrentVoltage.csv,2019-06-29 16:42:00,2,"1276,1277",False,3,"VL1,VL2,VL3",VL1=244.7..245.6;VL2=244.8..245.6;VL3=244.8..245.7
CurrentVoltage.csv,2019-06-29 16:44:00,2,"1279,1280",False,3,"VL1,VL2,VL3",VL1=245.1..245.7;VL2=245.1..245.7;VL3=245.1..245.8
CurrentVoltage.csv,2019-06-29 16:46:00,2,"1282,1283",False,3,"VL1,VL2,VL3",VL1=245.8..246.2;VL2=245.8..246.3;VL3=245.9..246.3
CurrentVoltage.csv,2019-06-29 16:48:00,2,"1285,1286",False,3,"VL1,VL2,VL3",VL1=244.6..244.8;VL2=244.6..244.9;VL3=244.7..244.9
CurrentVoltage.csv,2019-06-29 16:50:00,2,"1288,1289",False,3,"VL1,VL2,VL3",VL1=243.5..243.8;VL2=243.6..243.8;VL3=243.6..243.8
CurrentVoltage.csv,2019-06-29 16:52:00,2,"1291,1292",False,1,VL2,VL2=244.9..245.0
CurrentVoltage.csv,2019-06-29 16:54:00,2,"1294,1295",False,3,"VL1,VL2,VL3",VL1=244.2..244.6;VL2=244.2..244.6;VL3=244.3..244.7
CurrentVoltage.csv,2019-06-29 16:56:00,2,"1297,1298",False,3,"VL1,VL2,VL3",VL1=244.0..244.4;VL2=244.0..244.5;VL3=244.0..244.5
CurrentVoltage.csv,2019-06-29 16:58:00,2,"1300,1301",True,0,,
CurrentVoltage.csv,2019-06-29 17:00:00,2,"1303,1304",False,3,"VL1,VL2,VL3",VL1=243.7..245.0;VL2=243.8..245.0;VL3=243.8..245.0
CurrentVoltage.csv,2019-06-29 17:02:00,2,"1306,1307",False,3,"VL1,VL2,VL3",VL1=244.7..244.8;VL2=244.8..244.9;VL3=244.8..244.9
CurrentVoltage.csv,2019-06-29 17:04:00,2,"1309,1310",False,3,"VL1,VL2,VL3",VL1=245.3..245.8;VL2=245.4..245.8;VL3=245.4..245.9
CurrentVoltage.csv,2019-06-29 17:06:00,2,"1312,1313",False,3,"VL1,VL2,VL3",VL1=244.6..244.7;VL2=244.6..244.8;VL3=244.6..244.8
CurrentVoltage.csv,2019-06-29 17:08:00,2,"1315,1316",False,3,"VL1,VL2,VL3",VL1=244.7..245.0;VL2=244.8..245.1;VL3=244.8..245.1
CurrentVoltage.csv,2019-06-29 17:10:00,2,"1318,1319",False,3,"VL1,VL2,VL3",VL1=245.4..245.7;VL2=245.5..245.8;VL3=245.5..245.8
CurrentVoltage.csv,2019-06-29 17:12:00,2,"1321,1322",False,1,VL2,VL2=245.1..245.2
CurrentVoltage.csv,2019-06-29 17:14:00,2,"1324,1325",False,3,"VL1,VL2,VL3",VL1=244.8..245.1;VL2=244.9..245.2;VL3=244.9..245.2
CurrentVoltage.csv,2019-06-29 17:16:00,2,"1327,1328",False,3,"VL1,VL2,VL3",VL1=244.3..245.3;VL2=244.4..245.3;VL3=244.4..245.4
CurrentVoltage.csv,2019-07-03 12:50:00,2,"1374,1375",False,3,"VL1,VL2,VL3",VL1=243.8..244.5;VL2=243.9..244.5;VL3=243.9..244.6
CurrentVoltage.csv,2019-07-08 11:47:00,2,"1677,1678",False,3,"VL1,VL2,VL3",VL1=241.6..242.0;VL2=241.6..242.1;VL3=241.6..242.1
CurrentVoltage.csv,2019-07-08 12:54:00,2,"1694,1695",False,1,VL2,VL2=241.3..241.4
CurrentVoltage.csv,2019-07-08 13:50:00,2,"1703,1704",False,3,"VL1,VL2,VL3",VL1=243.9..244.4;VL2=244.0..244.5;VL3=244.0..244.5
CurrentVoltage.csv,2019-07-08 14:01:00,2,"1706,1707",True,0,,
CurrentVoltage.csv,2019-07-08 14:04:00,2,"1709,1710",False,3,"VL1,VL2,VL3",VL1=244.1..244.3;VL2=244.2..244.3;VL3=244.2..244.4
CurrentVoltage.csv,2019-07-08 14:12:00,2,"1712,1713",False,3,"VL1,VL2,VL3",VL1=243.8..244.3;VL2=243.8..244.4;VL3=243.9..244.4
CurrentVoltage.csv,2019-07-08 14:14:00,2,"1715,1716",False,3,"VL1,VL2,VL3",VL1=243.3..243.6;VL2=243.4..243.6;VL3=243.4..243.7
CurrentVoltage.csv,2019-07-08 14:23:00,2,"1720,1721",False,3,"VL1,VL2,VL3",VL1=243.4..243.8;VL2=243.4..243.8;VL3=243.5..243.8
CurrentVoltage.csv,2019-07-08 14:26:00,2,"1722,1723",False,3,"VL1,VL2,VL3",VL1=242.8..243.2;VL2=242.9..243.3;VL3=242.9..243.3
CurrentVoltage.csv,2019-07-08 14:28:00,2,"1725,1726",False,3,"VL1,VL2,VL3",VL1=243.1..243.3;VL2=243.2..243.4;VL3=243.2..243.4
CurrentVoltage.csv,2019-09-08 16:15:00,2,"6173,6174",False,10,"VL1,VL2,VL3,IL1,IL2,IL3,VL12,VL23,VL31,INUT",VL1=234.9..235.4;VL2=232.7..233.3;VL3=234.6..235.1;IL1=88.7..100.8;IL2=93.5..105.1;IL3=77.1..80.9;VL12=405.1..406.8;VL23=405.0..406.3;VL31=408.6..409.6;INUT=20.6..21.2
CurrentVoltage.csv,2019-09-18 01:31:00,2,"7045,7046",False,10,"VL1,VL2,VL3,IL1,IL2,IL3,VL12,VL23,VL31,INUT",VL1=234.8..236.0;VL2=235.0..236.0;VL3=236.4..237.7;IL1=46.2..71.8;IL2=32.9..51.4;IL3=54.6..75.5;VL12=406.2..406.4;VL23=409.7..410.0;VL31=408.1..408.5;INUT=19.0..19.3
CurrentVoltage.csv,2019-09-18 03:30:00,2,"7055,7056",False,8,"VL1,VL2,VL3,IL1,IL3,VL23,VL31,INUT",VL1=235.6..236.1;VL2=236.3..236.7;VL3=237.6..238.1;IL1=73.8..74.5;IL3=78.9..79.5;VL23=411.0..411.2;VL31=408.5..408.7;INUT=31.0..31.2
CurrentVoltage.csv,2019-09-18 13:15:00,2,"7095,7096",False,10,"VL1,VL2,VL3,IL1,IL2,IL3,VL12,VL23,VL31,INUT",VL1=227.1..227.4;VL2=228.0..228.3;VL3=229.2..229.5;IL1=151.1..151.7;IL2=125.9..126.2;IL3=113.9..114.4;VL12=393.2..393.3;VL23=396.7..396.8;VL31=394.8..395.0;INUT=34.1..35.1
CurrentVoltage.csv,2020-02-01 07:45:00,2,"14771,14772",False,8,"VL2,VL3,IL1,IL3,VL12,VL23,VL31,INUT",VL2=248.3..248.4;VL3=246.7..246.8;IL1=43.2..43.7;IL3=59.0..59.8;VL12=430.5..430.7;VL23=428.2..428.3;VL31=429.6..430.1;INUT=36.8..37.5
CurrentVoltage.csv,2020-03-01 17:17:00,2,"16827,16828",False,9,"VL1,VL2,VL3,IL1,IL3,VL12,VL23,VL31,INUT",VL1=244.6..245.3;VL2=246.4..246.5;VL3=244.6..245.0;IL1=64.8..80.4;IL3=89.5..113.3;VL12=423.8..424.5;VL23=426.6..426.9;VL31=422.7..424.0;INUT=52.6..77.7
Overview.csv,2019-06-27 10:52:00,2,"6,7",False,1,OLI,OLI=38.0..39.0
Overview.csv,2019-06-27 11:01:00,2,"13,14",False,1,OLI,OLI=38.0..39.0
Overview.csv,2019-06-27 11:16:00,2,"19,20",False,1,OLI,OLI=38.0..39.0
Overview.csv,2019-06-27 11:20:00,2,"23,24",False,1,OLI,OLI=38.0..39.0
Overview.csv,2019-06-27 11:22:00,2,"26,27",False,1,OLI,OLI=38.0..39.0
Overview.csv,2019-06-27 11:24:00,2,"29,30",False,1,OLI,OLI=38.0..39.0
Overview.csv,2019-06-27 11:30:00,2,"34,35",False,1,OLI,OLI=38.0..39.0
Overview.csv,2019-06-27 11:33:00,2,"36,37",True,0,,
Overview.csv,2019-06-27 11:34:00,2,"38,39",True,0,,
Overview.csv,2019-06-27 11:38:00,4,"40,41,42,43",True,0,,
Overview.csv,2019-06-27 11:40:00,2,"45,46",True,0,,
Overview.csv,2019-06-27 11:44:00,2,"47,48",False,1,OLI,OLI=38.0..39.0
Overview.csv,2019-06-27 11:54:00,2,"52,53",True,0,,
Overview.csv,2019-06-27 11:57:00,2,"54,55",False,1,OLI,OLI=38.0..39.0
Overview.csv,2019-06-27 11:58:00,2,"56,57",True,0,,
Overview.csv,2019-06-27 12:00:00,2,"59,60",True,0,,
Overview.csv,2019-06-27 12:02:00,2,"62,63",True,0,,
Overview.csv,2019-06-27 12:04:00,2,"65,66",True,0,,
Overview.csv,2019-06-27 12:06:00,2,"68,69",True,0,,
Overview.csv,2019-06-27 12:08:00,2,"71,72",True,0,,
Overview.csv,2019-06-27 12:10:00,2,"74,75",True,0,,
Overview.csv,2019-06-27 12:18:00,2,"80,81",True,0,,
Overview.csv,2019-06-27 12:21:00,2,"82,83",True,0,,
Overview.csv,2019-06-27 12:22:00,2,"84,85",True,0,,
Overview.csv,2019-06-27 12:24:00,2,"87,88",True,0,,
Overview.csv,2019-06-27 12:26:00,2,"90,91",True,0,,
Overview.csv,2019-06-27 12:28:00,2,"93,94",True,0,,
Overview.csv,2019-06-27 12:30:00,2,"96,97",True,0,,
Overview.csv,2019-06-27 12:32:00,2,"99,100",True,0,,
Overview.csv,2019-06-27 12:34:00,2,"102,103",True,0,,
Overview.csv,2019-06-27 12:40:00,2,"107,108",True,0,,
Overview.csv,2019-06-27 12:43:00,2,"109,110",True,0,,
Overview.csv,2019-06-27 12:44:00,2,"111,112",True,0,,
Overview.csv,2019-06-27 12:46:00,2,"114,115",True,0,,
Overview.csv,2019-06-27 12:48:00,2,"117,118",True,0,,
Overview.csv,2019-06-27 12:50:00,2,"120,121",True,0,,
Overview.csv,2019-06-27 12:52:00,2,"123,124",True,0,,
Overview.csv,2019-06-27 12:54:00,2,"126,127",True,0,,
Overview.csv,2019-06-27 12:56:00,2,"129,130",False,1,OLI,OLI=38.0..39.0
Overview.csv,2019-06-27 13:00:00,2,"132,133",True,0,,
Overview.csv,2019-06-27 13:04:00,2,"137,138",True,0,,
Overview.csv,2019-06-27 13:06:00,2,"140,141",True,0,,
Overview.csv,2019-06-27 13:08:00,2,"143,144",True,0,,
Overview.csv,2019-06-27 13:10:00,2,"146,147",True,0,,
Overview.csv,2019-06-27 13:12:00,2,"149,150",True,0,,
Overview.csv,2019-06-27 13:14:00,2,"152,153",True,0,,
Overview.csv,2019-06-27 13:16:00,2,"155,156",True,0,,
Overview.csv,2019-06-27 13:20:00,2,"160,161",True,0,,
Overview.csv,2019-06-27 13:22:00,2,"163,164",True,0,,
Overview.csv,2019-06-27 13:24:00,2,"166,167",True,0,,
Overview.csv,2019-06-27 13:26:00,2,"169,170",True,0,,
Overview.csv,2019-06-27 13:28:00,2,"172,173",True,0,,
Overview.csv,2019-06-27 13:30:00,2,"175,176",True,0,,
Overview.csv,2019-06-27 13:32:00,2,"178,179",True,0,,
Overview.csv,2019-06-27 13:34:00,2,"181,182",True,0,,
Overview.csv,2019-06-27 13:36:00,2,"184,185",True,0,,
Overview.csv,2019-06-27 13:38:00,2,"187,188",True,0,,
Overview.csv,2019-06-27 13:40:00,2,"190,191",True,0,,
Overview.csv,2019-06-27 13:42:00,2,"193,194",True,0,,
Overview.csv,2019-06-27 13:45:00,2,"195,196",True,0,,
Overview.csv,2019-06-27 13:46:00,2,"197,198",True,0,,
Overview.csv,2019-06-27 13:48:00,2,"200,201",True,0,,
Overview.csv,2019-06-27 13:50:00,2,"203,204",False,1,ATI,ATI=34.0..35.0
Overview.csv,2019-06-27 13:52:00,2,"206,207",False,1,ATI,ATI=34.0..35.0
Overview.csv,2019-06-27 13:54:00,2,"209,210",True,0,,
Overview.csv,2019-06-27 13:56:00,2,"212,213",True,0,,
Overview.csv,2019-06-27 13:58:00,2,"215,216",True,0,,
Overview.csv,2019-06-27 14:00:00,2,"218,219",True,0,,
Overview.csv,2019-06-27 14:02:00,2,"221,222",True,0,,
Overview.csv,2019-06-27 14:04:00,2,"224,225",True,0,,
Overview.csv,2019-06-27 14:06:00,2,"227,228",True,0,,
Overview.csv,2019-06-27 14:08:00,2,"230,231",True,0,,
Overview.csv,2019-06-27 14:10:00,2,"233,234",True,0,,
Overview.csv,2019-06-27 14:12:00,2,"236,237",True,0,,
Overview.csv,2019-06-27 14:14:00,2,"239,240",True,0,,
Overview.csv,2019-06-27 14:16:00,2,"242,243",True,0,,
Overview.csv,2019-06-27 14:18:00,2,"245,246",True,0,,
Overview.csv,2019-06-27 14:20:00,2,"248,249",True,0,,
Overview.csv,2019-06-27 14:22:00,2,"251,252",False,1,OLI,OLI=38.0..39.0
Overview.csv,2019-06-27 14:25:00,2,"255,256",True,0,,
Overview.csv,2019-06-27 14:26:00,2,"257,258",True,0,,
Overview.csv,2019-06-27 14:28:00,2,"260,261",True,0,,
Overview.csv,2019-06-27 14:30:00,2,"263,264",True,0,,
Overview.csv,2019-06-27 14:32:00,2,"266,267",True,0,,
Overview.csv,2019-06-27 14:34:00,2,"269,270",True,0,,
Overview.csv,2019-06-27 14:36:00,2,"272,273",True,0,,
Overview.csv,2019-06-27 14:38:00,2,"275,276",True,0,,
Overview.csv,2019-06-27 14:40:00,2,"278,279",True,0,,
Overview.csv,2019-06-27 14:42:00,2,"281,282",True,0,,
Overview.csv,2019-06-27 14:46:00,2,"284,285",True,0,,
Overview.csv,2019-06-27 14:52:00,2,"290,291",True,0,,
Overview.csv,2019-06-27 14:54:00,2,"293,294",True,0,,
Overview.csv,2019-06-27 14:56:00,2,"296,297",True,0,,
Overview.csv,2019-06-27 14:58:00,2,"299,300",True,0,,
Overview.csv,2019-06-27 15:04:00,2,"305,306",True,0,,
Overview.csv,2019-06-27 15:08:00,2,"309,310",True,0,,
Overview.csv,2019-06-27 15:14:00,2,"314,315",True,0,,
Overview.csv,2019-06-27 15:21:00,2,"321,322",True,0,,
Overview.csv,2019-06-27 15:22:00,2,"323,324",False,1,OTI,OTI=34.0..35.0
Overview.csv,2019-06-27 15:24:00,2,"326,327",True,0,,
Overview.csv,2019-06-27 15:26:00,2,"329,330",True,0,,
Overview.csv,2019-06-27 15:28:00,2,"332,333",True,0,,
Overview.csv,2019-06-27 15:30:00,2,"335,336",True,0,,
Overview.csv,2019-06-27 15:32:00,2,"338,339",True,0,,
Overview.csv,2019-06-27 15:34:00,2,"341,342",True,0,,
Overview.csv,2019-06-27 15:36:00,2,"344,345",True,0,,
Overview.csv,2019-06-27 15:38:00,2,"347,348",True,0,,
Overview.csv,2019-06-27 15:40:00,2,"350,351",True,0,,
Overview.csv,2019-06-27 15:41:00,2,"352,353",False,1,OLI,OLI=38.0..39.0
Overview.csv,2019-06-27 15:44:00,3,"356,357,358",False,2,"OTI,OLI",OTI=9.0..12.0;OLI=38.0..39.0
Overview.csv,2019-06-28 10:45:00,2,"360,361",False,1,OLI,OLI=38.0..39.0
Overview.csv,2019-06-28 10:46:00,2,"362,363",True,0,,
Overview.csv,2019-06-28 10:48:00,2,"365,366",True,0,,
Overview.csv,2019-06-28 10:50:00,2,"368,369",True,0,,
Overview.csv,2019-06-28 10:52:00,2,"371,372",True,0,,
Overview.csv,2019-06-28 10:54:00,2,"374,375",True,0,,
Overview.csv,2019-06-28 10:56:00,2,"377,378",True,0,,
Overview.csv,2019-06-28 10:58:00,2,"380,381",True,0,,
Overview.csv,2019-06-28 11:00:00,2,"383,384",True,0,,
Overview.csv,2019-06-28 11:02:00,2,"386,387",True,0,,
Overview.csv,2019-06-28 11:04:00,2,"389,390",True,0,,
Overview.csv,2019-06-28 11:06:00,2,"392,393",True,0,,
Overview.csv,2019-06-28 11:08:00,2,"395,396",True,0,,
Overview.csv,2019-06-28 11:10:00,2,"398,399",True,0,,
Overview.csv,2019-06-28 11:12:00,2,"401,402",True,0,,
Overview.csv,2019-06-28 11:14:00,2,"404,405",True,0,,
Overview.csv,2019-06-28 11:16:00,2,"407,408",False,1,OTI,OTI=33.0..34.0
Overview.csv,2019-06-28 11:18:00,2,"410,411",True,0,,
Overview.csv,2019-06-28 11:20:00,2,"413,414",True,0,,
Overview.csv,2019-06-28 11:22:00,2,"416,417",True,0,,
Overview.csv,2019-06-28 11:24:00,2,"419,420",True,0,,
Overview.csv,2019-06-28 11:26:00,2,"422,423",True,0,,
Overview.csv,2019-06-28 12:25:00,2,"425,426",True,0,,
Overview.csv,2019-06-28 12:26:00,2,"427,428",True,0,,
Overview.csv,2019-06-28 12:27:00,2,"429,430",True,0,,
Overview.csv,2019-06-28 12:28:00,2,"431,432",True,0,,
Overview.csv,2019-06-28 12:30:00,2,"434,435",True,0,,
Overview.csv,2019-06-28 12:32:00,2,"437,438",False,1,ATI,ATI=34.0..35.0
Overview.csv,2019-06-28 12:38:00,3,"442,443,444",False,1,OLI,OLI=38.0..39.0
Overview.csv,2019-06-28 12:44:00,2,"449,450",True,0,,
Overview.csv,2019-06-28 12:46:00,2,"452,453",True,0,,
Overview.csv,2019-06-28 12:48:00,2,"455,456",True,0,,
Overview.csv,2019-06-28 12:50:00,2,"458,459",True,0,,
Overview.csv,2019-06-28 12:52:00,2,"461,462",True,0,,
Overview.csv,2019-06-28 12:54:00,2,"464,465",True,0,,
Overview.csv,2019-06-28 12:56:00,2,"467,468",True,0,,
Overview.csv,2019-06-28 12:58:00,2,"470,471",True,0,,
Overview.csv,2019-06-28 13:00:00,2,"473,474",True,0,,
Overview.csv,2019-06-28 13:02:00,2,"476,477",True,0,,
Overview.csv,2019-06-28 13:06:00,2,"480,481",True,0,,
Overview.csv,2019-06-28 13:08:00,2,"483,484",True,0,,
Overview.csv,2019-06-28 13:10:00,2,"486,487",True,0,,
Overview.csv,2019-06-28 13:12:00,2,"489,490",True,0,,
Overview.csv,2019-06-28 13:14:00,2,"492,493",True,0,,
Overview.csv,2019-06-28 13:16:00,2,"495,496",True,0,,
Overview.csv,2019-06-28 13:18:00,2,"498,499",True,0,,
Overview.csv,2019-06-28 13:20:00,2,"501,502",True,0,,
Overview.csv,2019-06-28 13:22:00,2,"504,505",True,0,,
Overview.csv,2019-06-28 13:24:00,2,"507,508",True,0,,
Overview.csv,2019-06-28 13:26:00,2,"510,511",True,0,,
Overview.csv,2019-06-28 13:28:00,2,"513,514",True,0,,
Overview.csv,2019-06-28 13:30:00,2,"516,517",True,0,,
Overview.csv,2019-06-28 13:32:00,2,"519,520",True,0,,
Overview.csv,2019-06-28 13:34:00,2,"522,523",True,0,,
Overview.csv,2019-06-28 13:36:00,2,"525,526",True,0,,
Overview.csv,2019-06-28 13:38:00,2,"528,529",True,0,,
Overview.csv,2019-06-28 13:40:00,2,"531,532",True,0,,
Overview.csv,2019-06-28 13:42:00,2,"534,535",True,0,,
Overview.csv,2019-06-28 13:44:00,2,"537,538",True,0,,
Overview.csv,2019-06-28 13:46:00,2,"540,541",True,0,,
Overview.csv,2019-06-28 13:48:00,2,"543,544",True,0,,
Overview.csv,2019-06-28 13:50:00,2,"546,547",True,0,,
Overview.csv,2019-06-28 13:52:00,2,"549,550",True,0,,
Overview.csv,2019-06-28 13:54:00,2,"552,553",True,0,,
Overview.csv,2019-06-28 13:56:00,2,"555,556",True,0,,
Overview.csv,2019-06-28 13:58:00,2,"558,559",True,0,,
Overview.csv,2019-06-28 13:59:00,2,"560,561",True,0,,
Overview.csv,2019-06-28 14:10:00,2,"564,565",True,0,,
Overview.csv,2019-06-28 14:12:00,2,"567,568",True,0,,
Overview.csv,2019-06-28 14:14:00,2,"570,571",True,0,,
Overview.csv,2019-06-28 14:16:00,2,"573,574",True,0,,
Overview.csv,2019-06-28 14:18:00,2,"576,577",True,0,,
Overview.csv,2019-06-28 14:20:00,2,"579,580",True,0,,
Overview.csv,2019-06-28 14:22:00,2,"582,583",True,0,,
Overview.csv,2019-06-28 14:24:00,2,"585,586",True,0,,
Overview.csv,2019-06-28 14:26:00,2,"588,589",True,0,,
Overview.csv,2019-06-28 14:28:00,2,"591,592",True,0,,
Overview.csv,2019-06-28 14:30:00,2,"594,595",True,0,,
Overview.csv,2019-06-28 14:32:00,2,"597,598",True,0,,
Overview.csv,2019-06-28 14:34:00,2,"600,601",True,0,,
Overview.csv,2019-06-28 14:36:00,2,"603,604",True,0,,
Overview.csv,2019-06-28 14:38:00,2,"606,607",True,0,,
Overview.csv,2019-06-28 14:40:00,2,"609,610",True,0,,
Overview.csv,2019-06-28 14:42:00,2,"612,613",True,0,,
Overview.csv,2019-06-28 14:44:00,2,"615,616",True,0,,
Overview.csv,2019-06-28 14:46:00,2,"618,619",True,0,,
Overview.csv,2019-06-28 14:48:00,2,"621,622",True,0,,
Overview.csv,2019-06-28 14:50:00,2,"624,625",True,0,,
Overview.csv,2019-06-28 14:52:00,2,"627,628",True,0,,
Overview.csv,2019-06-28 14:54:00,2,"630,631",True,0,,
Overview.csv,2019-06-28 14:56:00,2,"633,634",True,0,,
Overview.csv,2019-06-28 14:58:00,2,"636,637",True,0,,
Overview.csv,2019-06-28 15:00:00,2,"639,640",True,0,,
Overview.csv,2019-06-28 15:02:00,2,"642,643",True,0,,
Overview.csv,2019-06-28 15:04:00,2,"645,646",True,0,,
Overview.csv,2019-06-28 15:06:00,2,"648,649",True,0,,
Overview.csv,2019-06-28 15:08:00,2,"651,652",True,0,,
Overview.csv,2019-06-28 15:10:00,2,"654,655",True,0,,
Overview.csv,2019-06-28 15:12:00,2,"657,658",True,0,,
Overview.csv,2019-06-28 15:14:00,2,"660,661",True,0,,
Overview.csv,2019-06-28 15:16:00,2,"663,664",True,0,,
Overview.csv,2019-06-28 15:18:00,2,"666,667",True,0,,
Overview.csv,2019-06-28 15:20:00,2,"669,670",True,0,,
Overview.csv,2019-06-28 15:22:00,2,"672,673",False,1,ATI,ATI=34.0..35.0
Overview.csv,2019-06-28 15:24:00,2,"675,676",False,1,ATI,ATI=34.0..35.0
Overview.csv,2019-06-28 15:26:00,2,"678,679",False,1,ATI,ATI=34.0..35.0
Overview.csv,2019-06-28 15:28:00,2,"681,682",False,1,ATI,ATI=34.0..35.0
Overview.csv,2019-06-28 15:30:00,2,"684,685",True,0,,
Overview.csv,2019-06-28 15:32:00,2,"687,688",True,0,,
Overview.csv,2019-06-28 15:34:00,2,"690,691",True,0,,
Overview.csv,2019-06-28 15:36:00,2,"693,694",True,0,,
Overview.csv,2019-06-28 15:38:00,2,"696,697",True,0,,
Overview.csv,2019-06-28 15:40:00,2,"699,700",True,0,,
Overview.csv,2019-06-28 15:42:00,2,"702,703",True,0,,
Overview.csv,2019-06-28 15:44:00,2,"705,706",True,0,,
Overview.csv,2019-06-28 15:46:00,2,"708,709",True,0,,
Overview.csv,2019-06-28 15:48:00,2,"711,712",True,0,,
Overview.csv,2019-06-28 15:50:00,2,"714,715",True,0,,
Overview.csv,2019-06-28 15:52:00,2,"717,718",True,0,,
Overview.csv,2019-06-28 15:54:00,2,"720,721",True,0,,
Overview.csv,2019-06-28 15:56:00,2,"723,724",True,0,,
Overview.csv,2019-06-28 15:58:00,2,"726,727",True,0,,
Overview.csv,2019-06-28 16:00:00,2,"729,730",True,0,,
Overview.csv,2019-06-28 16:02:00,2,"732,733",True,0,,
Overview.csv,2019-06-28 16:04:00,2,"735,736",True,0,,
Overview.csv,2019-06-28 16:06:00,2,"738,739",True,0,,
Overview.csv,2019-06-28 16:08:00,2,"741,742",True,0,,
Overview.csv,2019-06-28 16:10:00,2,"744,745",True,0,,
Overview.csv,2019-06-28 16:12:00,2,"747,748",True,0,,
Overview.csv,2019-06-28 16:14:00,2,"750,751",True,0,,
Overview.csv,2019-06-28 16:16:00,2,"753,754",True,0,,
Overview.csv,2019-06-28 16:18:00,2,"756,757",True,0,,
Overview.csv,2019-06-28 16:20:00,2,"759,760",True,0,,
Overview.csv,2019-06-28 16:22:00,2,"762,763",True,0,,
Overview.csv,2019-06-28 16:24:00,2,"765,766",True,0,,
Overview.csv,2019-06-28 16:26:00,2,"768,769",True,0,,
Overview.csv,2019-06-28 16:28:00,2,"771,772",True,0,,
Overview.csv,2019-06-28 16:30:00,2,"774,775",True,0,,
Overview.csv,2019-06-28 16:32:00,2,"777,778",True,0,,
Overview.csv,2019-06-28 16:34:00,2,"780,781",True,0,,
Overview.csv,2019-06-28 16:36:00,2,"783,784",True,0,,
Overview.csv,2019-06-28 16:38:00,2,"786,787",True,0,,
Overview.csv,2019-06-28 16:40:00,2,"789,790",True,0,,
Overview.csv,2019-06-28 16:42:00,2,"792,793",True,0,,
Overview.csv,2019-06-28 16:44:00,2,"795,796",True,0,,
Overview.csv,2019-06-28 16:46:00,2,"798,799",True,0,,
Overview.csv,2019-06-28 16:48:00,2,"801,802",True,0,,
Overview.csv,2019-06-28 16:50:00,2,"804,805",True,0,,
Overview.csv,2019-06-28 16:52:00,2,"807,808",True,0,,
Overview.csv,2019-06-28 16:54:00,2,"810,811",True,0,,
Overview.csv,2019-06-28 16:56:00,2,"813,814",True,0,,
Overview.csv,2019-06-28 16:58:00,2,"816,817",True,0,,
Overview.csv,2019-06-28 17:00:00,2,"819,820",True,0,,
Overview.csv,2019-06-28 17:02:00,2,"822,823",True,0,,
Overview.csv,2019-06-28 17:04:00,2,"825,826",True,0,,
Overview.csv,2019-06-28 17:06:00,2,"828,829",True,0,,
Overview.csv,2019-06-28 17:08:00,2,"831,832",True,0,,
Overview.csv,2019-06-28 17:10:00,2,"834,835",True,0,,
Overview.csv,2019-06-28 17:12:00,2,"837,838",True,0,,
Overview.csv,2019-06-28 17:14:00,2,"840,841",True,0,,
Overview.csv,2019-06-28 17:16:00,2,"843,844",True,0,,
Overview.csv,2019-06-28 17:18:00,2,"846,847",True,0,,
Overview.csv,2019-06-28 17:20:00,2,"849,850",True,0,,
Overview.csv,2019-06-28 17:22:00,2,"852,853",True,0,,
Overview.csv,2019-06-28 17:24:00,2,"855,856",True,0,,
Overview.csv,2019-06-28 17:26:00,2,"858,859",False,1,ATI,ATI=34.0..35.0
Overview.csv,2019-06-28 17:28:00,2,"861,862",True,0,,
Overview.csv,2019-06-28 17:30:00,2,"864,865",False,1,ATI,ATI=34.0..35.0
Overview.csv,2019-06-28 17:32:00,2,"867,868",True,0,,
Overview.csv,2019-06-28 17:34:00,2,"870,871",False,1,ATI,ATI=34.0..35.0
Overview.csv,2019-06-28 17:36:00,2,"873,874",True,0,,
Overview.csv,2019-06-28 17:38:00,2,"876,877",True,0,,
Overview.csv,2019-06-28 17:40:00,2,"879,880",True,0,,
Overview.csv,2019-06-28 17:42:00,2,"882,883",True,0,,
Overview.csv,2019-06-28 17:44:00,2,"885,886",True,0,,
Overview.csv,2019-06-28 17:46:00,2,"888,889",True,0,,
Overview.csv,2019-06-28 17:48:00,2,"891,892",True,0,,
Overview.csv,2019-06-28 17:50:00,2,"894,895",True,0,,
Overview.csv,2019-06-28 17:52:00,2,"897,898",True,0,,
Overview.csv,2019-06-28 17:54:00,2,"900,901",True,0,,
Overview.csv,2019-06-29 10:24:00,2,"904,905",True,0,,
Overview.csv,2019-06-29 10:26:00,2,"907,908",True,0,,
Overview.csv,2019-06-29 11:12:00,2,"909,910",False,1,OLI,OLI=38.0..39.0
Overview.csv,2019-06-29 11:14:00,2,"912,913",True,0,,
Overview.csv,2019-06-29 11:16:00,2,"915,916",True,0,,
Overview.csv,2019-06-29 11:18:00,2,"918,919",True,0,,
Overview.csv,2019-06-29 11:20:00,2,"921,922",True,0,,
Overview.csv,2019-06-29 11:22:00,2,"924,925",True,0,,
Overview.csv,2019-06-29 11:24:00,2,"927,928",True,0,,
Overview.csv,2019-06-29 11:28:00,2,"930,931",True,0,,
Overview.csv,2019-06-29 11:30:00,2,"933,934",True,0,,
Overview.csv,2019-06-29 11:32:00,2,"936,937",True,0,,
Overview.csv,2019-06-29 11:34:00,2,"939,940",True,0,,
Overview.csv,2019-06-29 11:36:00,2,"942,943",True,0,,
Overview.csv,2019-06-29 11:38:00,2,"945,946",True,0,,
Overview.csv,2019-06-29 11:40:00,2,"948,949",True,0,,
Overview.csv,2019-06-29 11:44:00,2,"951,952",True,0,,
Overview.csv,2019-06-29 11:46:00,2,"954,955",True,0,,
Overview.csv,2019-06-29 11:48:00,2,"957,958",True,0,,
Overview.csv,2019-06-29 11:50:00,2,"960,961",True,0,,
Overview.csv,2019-06-29 11:52:00,2,"962,963",True,0,,
Overview.csv,2019-06-29 11:54:00,2,"965,966",True,0,,
Overview.csv,2019-06-29 11:56:00,2,"968,969",True,0,,
Overview.csv,2019-06-29 11:58:00,2,"971,972",True,0,,
Overview.csv,2019-06-29 12:00:00,2,"974,975",True,0,,
Overview.csv,2019-06-29 12:08:00,2,"978,979",True,0,,
Overview.csv,2019-06-29 12:10:00,2,"981,982",True,0,,
Overview.csv,2019-06-29 12:12:00,2,"984,985",True,0,,
Overview.csv,2019-06-29 12:16:00,2,"987,988",True,0,,
Overview.csv,2019-06-29 12:20:00,2,"990,991",True,0,,
Overview.csv,2019-06-29 12:22:00,2,"993,994",True,0,,
Overview.csv,2019-06-29 12:24:00,2,"996,997",True,0,,
Overview.csv,2019-06-29 12:25:00,2,"998,999",True,0,,
Overview.csv,2019-06-29 12:52:00,2,"1001,1002",False,3,"OTI,ATI,OLI",OTI=0.0..33.0;ATI=0.0..33.0;OLI=36.0..38.0
Overview.csv,2019-06-29 12:54:00,2,"1004,1005",True,0,,
Overview.csv,2019-06-29 12:56:00,2,"1007,1008",True,0,,
Overview.csv,2019-06-29 12:58:00,2,"1010,1011",True,0,,
Overview.csv,2019-06-29 13:00:00,2,"1013,1014",True,0,,
Overview.csv,2019-06-29 13:02:00,2,"1016,1017",True,0,,
Overview.csv,2019-06-29 13:04:00,2,"1019,1020",True,0,,
Overview.csv,2019-06-29 13:06:00,2,"1022,1023",True,0,,
Overview.csv,2019-06-29 13:16:00,3,"1026,1027,1028",False,1,OLI,OLI=38.0..39.0
Overview.csv,2019-06-29 13:19:00,2,"1030,1031",False,1,OLI,OLI=38.0..39.0
Overview.csv,2019-06-29 13:20:00,2,"1032,1033",False,1,OLI,OLI=38.0..39.0
Overview.csv,2019-06-29 13:31:00,2,"1035,1036",True,0,,
Overview.csv,2019-06-29 13:34:00,2,"1039,1040",True,0,,
Overview.csv,2019-06-29 13:36:00,2,"1042,1043",True,0,,
Overview.csv,2019-06-29 13:39:00,2,"1044,1045",True,0,,
Overview.csv,2019-06-29 13:40:00,2,"1046,1047",True,0,,
Overview.csv,2019-06-29 13:42:00,2,"1049,1050",True,0,,
Overview.csv,2019-06-29 13:44:00,2,"1052,1053",True,0,,
Overview.csv,2019-06-29 13:46:00,2,"1055,1056",True,0,,
Overview.csv,2019-06-29 13:48:00,2,"1058,1059",True,0,,
Overview.csv,2019-06-29 13:50:00,2,"1061,1062",True,0,,
Overview.csv,2019-06-29 13:52:00,2,"1064,1065",True,0,,
Overview.csv,2019-06-29 13:54:00,2,"1067,1068",True,0,,
Overview.csv,2019-06-29 13:56:00,2,"1070,1071",True,0,,
Overview.csv,2019-06-29 13:58:00,2,"1073,1074",True,0,,
Overview.csv,2019-06-29 14:00:00,2,"1076,1077",True,0,,
Overview.csv,2019-06-29 14:02:00,2,"1079,1080",True,0,,
Overview.csv,2019-06-29 14:04:00,2,"1082,1083",True,0,,
Overview.csv,2019-06-29 14:06:00,2,"1085,1086",True,0,,
Overview.csv,2019-06-29 14:08:00,2,"1088,1089",True,0,,
Overview.csv,2019-06-29 14:10:00,2,"1091,1092",True,0,,
Overview.csv,2019-06-29 14:12:00,2,"1094,1095",True,0,,
Overview.csv,2019-06-29 14:14:00,2,"1097,1098",True,0,,
Overview.csv,2019-06-29 14:16:00,2,"1100,1101",True,0,,
Overview.csv,2019-06-29 14:18:00,2,"1103,1104",True,0,,
Overview.csv,2019-06-29 14:20:00,2,"1106,1107",True,0,,
Overview.csv,2019-06-29 14:22:00,2,"1109,1110",True,0,,
Overview.csv,2019-06-29 14:24:00,2,"1112,1113",True,0,,
Overview.csv,2019-06-29 14:26:00,2,"1115,1116",True,0,,
Overview.csv,2019-06-29 14:28:00,2,"1118,1119",True,0,,
Overview.csv,2019-06-29 14:30:00,2,"1121,1122",True,0,,
Overview.csv,2019-06-29 14:32:00,2,"1124,1125",True,0,,
Overview.csv,2019-06-29 14:34:00,2,"1127,1128",True,0,,
Overview.csv,2019-06-29 14:36:00,2,"1130,1131",True,0,,
Overview.csv,2019-06-29 14:38:00,2,"1133,1134",True,0,,
Overview.csv,2019-06-29 14:40:00,2,"1136,1137",True,0,,
Overview.csv,2019-06-29 14:42:00,2,"1139,1140",True,0,,
Overview.csv,2019-06-29 14:44:00,2,"1142,1143",True,0,,
Overview.csv,2019-06-29 14:46:00,2,"1145,1146",True,0,,
Overview.csv,2019-06-29 14:48:00,2,"1148,1149",True,0,,
Overview.csv,2019-06-29 14:50:00,2,"1151,1152",True,0,,
Overview.csv,2019-06-29 14:52:00,2,"1154,1155",True,0,,
Overview.csv,2019-06-29 14:54:00,2,"1157,1158",True,0,,
Overview.csv,2019-06-29 14:56:00,2,"1160,1161",True,0,,
Overview.csv,2019-06-29 14:58:00,2,"1163,1164",True,0,,
Overview.csv,2019-06-29 15:00:00,2,"1166,1167",True,0,,
Overview.csv,2019-06-29 15:02:00,2,"1169,1170",True,0,,
Overview.csv,2019-06-29 15:04:00,2,"1172,1173",True,0,,
Overview.csv,2019-06-29 15:06:00,2,"1175,1176",True,0,,
Overview.csv,2019-06-29 15:08:00,2,"1178,1179",True,0,,
Overview.csv,2019-06-29 15:10:00,2,"1181,1182",True,0,,
Overview.csv,2019-06-29 15:12:00,2,"1184,1185",True,0,,
Overview.csv,2019-06-29 15:14:00,2,"1187,1188",True,0,,
Overview.csv,2019-06-29 15:16:00,2,"1190,1191",True,0,,
Overview.csv,2019-06-29 15:18:00,2,"1193,1194",True,0,,
Overview.csv,2019-06-29 15:20:00,2,"1196,1197",True,0,,
Overview.csv,2019-06-29 15:22:00,2,"1199,1200",True,0,,
Overview.csv,2019-06-29 15:24:00,2,"1202,1203",True,0,,
Overview.csv,2019-06-29 15:26:00,2,"1205,1206",True,0,,
Overview.csv,2019-06-29 15:28:00,2,"1208,1209",True,0,,
Overview.csv,2019-06-29 15:30:00,2,"1211,1212",True,0,,
Overview.csv,2019-06-29 15:32:00,2,"1214,1215",True,0,,
Overview.csv,2019-06-29 15:34:00,2,"1217,1218",True,0,,
Overview.csv,2019-06-29 15:36:00,2,"1220,1221",True,0,,
Overview.csv,2019-06-29 15:38:00,2,"1223,1224",True,0,,
Overview.csv,2019-06-29 15:40:00,2,"1226,1227",True,0,,
Overview.csv,2019-06-29 15:42:00,2,"1229,1230",True,0,,
Overview.csv,2019-06-29 15:44:00,2,"1232,1233",True,0,,
Overview.csv,2019-06-29 15:46:00,2,"1235,1236",True,0,,
Overview.csv,2019-06-29 15:48:00,2,"1238,1239",True,0,,
Overview.csv,2019-06-29 15:50:00,2,"1241,1242",True,0,,
Overview.csv,2019-06-29 15:52:00,2,"1244,1245",True,0,,
Overview.csv,2019-06-29 15:54:00,2,"1247,1248",True,0,,
Overview.csv,2019-06-29 15:56:00,2,"1250,1251",True,0,,
Overview.csv,2019-06-29 15:58:00,2,"1253,1254",True,0,,
Overview.csv,2019-06-29 16:00:00,2,"1256,1257",True,0,,
Overview.csv,2019-06-29 16:02:00,2,"1259,1260",True,0,,
Overview.csv,2019-06-29 16:04:00,2,"1262,1263",True,0,,
Overview.csv,2019-06-29 16:06:00,2,"1265,1266",True,0,,
Overview.csv,2019-06-29 16:08:00,2,"1268,1269",True,0,,
Overview.csv,2019-06-29 16:10:00,2,"1271,1272",True,0,,
Overview.csv,2019-06-29 16:12:00,2,"1274,1275",True,0,,
Overview.csv,2019-06-29 16:14:00,2,"1277,1278",True,0,,
Overview.csv,2019-06-29 16:16:00,2,"1280,1281",True,0,,
Overview.csv,2019-06-29 16:18:00,2,"1283,1284",True,0,,
Overview.csv,2019-06-29 16:20:00,2,"1286,1287",True,0,,
Overview.csv,2019-06-29 16:22:00,2,"1289,1290",True,0,,
Overview.csv,2019-06-29 16:24:00,2,"1292,1293",True,0,,
Overview.csv,2019-06-29 16:26:00,2,"1295,1296",True,0,,
Overview.csv,2019-06-29 16:28:00,2,"1298,1299",True,0,,
Overview.csv,2019-06-29 16:30:00,2,"1301,1302",True,0,,
Overview.csv,2019-06-29 16:32:00,2,"1304,1305",True,0,,
Overview.csv,2019-06-29 16:34:00,2,"1307,1308",True,0,,
Overview.csv,2019-06-29 16:36:00,2,"1310,1311",True,0,,
Overview.csv,2019-06-29 16:38:00,2,"1313,1314",True,0,,
Overview.csv,2019-06-29 16:40:00,2,"1316,1317",True,0,,
Overview.csv,2019-06-29 16:42:00,2,"1319,1320",True,0,,
Overview.csv,2019-06-29 16:44:00,2,"1322,1323",True,0,,
Overview.csv,2019-06-29 16:46:00,2,"1325,1326",True,0,,
Overview.csv,2019-06-29 16:48:00,2,"1328,1329",True,0,,
Overview.csv,2019-06-29 16:50:00,2,"1331,1332",True,0,,
Overview.csv,2019-06-29 16:52:00,2,"1334,1335",True,0,,
Overview.csv,2019-06-29 16:54:00,2,"1337,1338",True,0,,
Overview.csv,2019-06-29 16:56:00,2,"1340,1341",False,2,"ATI,OLI",ATI=32.0..33.0;OLI=39.0..40.0
Overview.csv,2019-06-29 16:58:00,2,"1343,1344",True,0,,
Overview.csv,2019-06-29 17:00:00,2,"1346,1347",True,0,,
Overview.csv,2019-06-29 17:02:00,2,"1349,1350",True,0,,
Overview.csv,2019-06-29 17:04:00,2,"1352,1353",True,0,,
Overview.csv,2019-06-29 17:06:00,2,"1355,1356",True,0,,
Overview.csv,2019-06-29 17:08:00,2,"1358,1359",False,1,ATI,ATI=32.0..33.0
Overview.csv,2019-06-29 17:10:00,2,"1361,1362",False,1,ATI,ATI=32.0..33.0
Overview.csv,2019-06-29 17:12:00,2,"1364,1365",True,0,,
Overview.csv,2019-06-29 17:14:00,2,"1367,1368",True,0,,
Overview.csv,2019-06-29 17:16:00,2,"1370,1371",True,0,,
Overview.csv,2019-06-29 17:17:00,3,"1372,1373,1374",True,0,,
Overview.csv,2019-07-01 16:45:00,2,"1390,1391",False,1,OLI,OLI=38.0..39.0
Overview.csv,2019-07-01 17:05:00,2,"1392,1393",True,0,,
Overview.csv,2019-07-02 10:29:00,2,"1400,1401",False,1,OTI,OTI=28.0..29.0
Overview.csv,2019-07-02 12:20:00,2,"1407,1408",True,0,,
Overview.csv,2019-07-02 13:06:00,2,"1411,1412",True,0,,
Overview.csv,2019-07-02 13:31:00,2,"1414,1415",False,1,OLI,OLI=38.0..39.0
Overview.csv,2019-07-02 14:05:00,2,"1417,1418",True,0,,
Overview.csv,2019-07-02 15:36:00,2,"1422,1423",True,0,,
Overview.csv,2019-07-02 17:40:00,2,"1434,1435",True,0,,
Overview.csv,2019-07-03 12:38:00,2,"1438,1439",True,0,,
Overview.csv,2019-07-03 12:50:00,2,"1445,1446",False,1,OLI,OLI=39.0..40.0
Overview.csv,2019-07-03 13:20:00,2,"1453,1454",True,0,,
Overview.csv,2019-07-04 13:30:00,2,"1509,1510",True,0,,
Overview.csv,2019-07-04 13:34:00,3,"1511,1512,1513",True,0,,
Overview.csv,2019-07-04 15:05:00,2,"1537,1538",False,1,OLI,OLI=38.0..39.0
Overview.csv,2019-07-04 15:50:00,2,"1541,1542",True,0,,
Overview.csv,2019-07-04 17:14:00,2,"1549,1550",True,0,,
Overview.csv,2019-07-05 10:05:00,2,"1618,1619",True,0,,
Overview.csv,2019-07-05 10:58:00,2,"1624,1625",True,0,,
Overview.csv,2019-07-05 11:44:00,2,"1632,1633",True,0,,
Overview.csv,2019-07-05 15:55:00,2,"1650,1651",True,0,,
Overview.csv,2019-07-05 16:48:00,2,"1656,1657",True,0,,
Overview.csv,2019-07-05 17:09:00,2,"1660,1661",True,0,,
Overview.csv,2019-07-05 17:57:00,2,"1668,1669",True,0,,
Overview.csv,2019-07-06 11:30:00,2,"1742,1743",True,0,,
Overview.csv,2019-07-06 14:23:00,2,"1752,1753",True,0,,
Overview.csv,2019-07-08 11:47:00,2,"1774,1775",True,0,,
Overview.csv,2019-07-08 12:22:00,2,"1784,1785",True,0,,
Overview.csv,2019-07-08 12:51:00,2,"1790,1791",True,0,,
Overview.csv,2019-07-08 12:54:00,2,"1793,1794",False,1,OLI,OLI=38.0..39.0
Overview.csv,2019-07-08 13:10:00,2,"1795,1796",True,0,,
Overview.csv,2019-07-08 13:23:00,2,"1798,1799",False,1,OLI,OLI=38.0..39.0
Overview.csv,2019-07-08 13:25:00,2,"1800,1801",True,0,,
Overview.csv,2019-07-08 13:34:00,2,"1804,1805",True,0,,
Overview.csv,2019-07-08 13:35:00,2,"1806,1807",True,0,,
Overview.csv,2019-07-08 13:48:00,2,"1809,1810",True,0,,
Overview.csv,2019-07-08 13:50:00,2,"1812,1813",True,0,,
Overview.csv,2019-07-08 13:56:00,2,"1814,1815",True,0,,
Overview.csv,2019-07-08 14:12:00,2,"1822,1823",False,1,OLI,OLI=38.0..39.0
Overview.csv,2019-07-08 14:14:00,2,"1825,1826",True,0,,
Overview.csv,2019-07-08 14:22:00,2,"1828,1829",False,1,OTI,OTI=30.0..31.0
Overview.csv,2019-07-08 14:28:00,2,"1833,1834",True,0,,
Overview.csv,2019-07-08 14:59:00,2,"1839,1840",True,0,,
Overview.csv,2019-07-13 11:51:00,2,"1845,1846",True,0,,
Overview.csv,2019-07-13 15:36:00,2,"1862,1863",True,0,,
Overview.csv,2019-07-13 15:48:00,2,"1864,1865",False,1,OLI,OLI=38.0..39.0
Overview.csv,2019-07-13 16:27:00,2,"1869,1870",True,0,,
Overview.csv,2019-07-13 16:30:00,2,"1871,1872",True,0,,
Overview.csv,2019-07-13 16:55:00,2,"1877,1878",False,1,OTI,OTI=23.0..26.0
Overview.csv,2019-07-13 17:01:00,2,"1880,1881",False,1,OTI,OTI=23.0..26.0
Overview.csv,2019-07-13 18:31:00,2,"1893,1894",False,1,OTI,OTI=24.0..25.0
Overview.csv,2019-07-13 19:45:00,2,"1906,1907",False,1,OTI,OTI=21.0..24.0
Overview.csv,2019-07-14 10:47:00,2,"1935,1936",True,0,,
Overview.csv,2019-07-14 12:33:00,2,"1942,1943",True,0,,
Overview.csv,2019-07-14 13:21:00,2,"1947,1948",False,1,OTI,OTI=25.0..27.0
Overview.csv,2019-07-14 19:08:00,2,"1971,1972",True,0,,
Overview.csv,2019-07-15 13:24:00,2,"2047,2048",False,1,OTI,OTI=24.0..25.0
Overview.csv,2019-07-15 13:49:00,2,"2053,2054",True,0,,
Overview.csv,2019-07-15 21:48:00,2,"2091,2092",False,1,OTI,OTI=25.0..26.0
Overview.csv,2019-07-15 23:47:00,2,"2102,2103",True,0,,
Overview.csv,2019-07-16 05:49:00,2,"2134,2135",True,0,,
Overview.csv,2019-07-16 06:20:00,2,"2136,2137",False,1,OTI,OTI=27.0..29.0
Overview.csv,2019-07-16 07:54:00,2,"2142,2143",True,0,,
Overview.csv,2019-07-16 19:31:00,2,"2189,2190",True,0,,
Overview.csv,2019-07-17 14:36:00,2,"2264,2265",False,1,OLI,OLI=38.0..39.0
Overview.csv,2019-07-17 17:30:00,2,"2277,2278",True,0,,
Overview.csv,2019-07-18 12:23:00,2,"2354,2355",False,2,"OTI,OLI",OTI=42.0..43.0;OLI=38.0..39.0
Overview.csv,2019-07-18 16:03:00,2,"2364,2365",False,1,OLI,OLI=38.0..39.0
Overview.csv,2019-07-19 14:48:00,2,"2454,2455",False,1,OLI,OLI=38.0..39.0
Overview.csv,2019-07-19 16:15:00,2,"2461,2462",False,1,OTI,OTI=42.0..43.0
Overview.csv,2019-07-21 05:22:00,2,"2611,2612",False,1,OTI,OTI=29.0..31.0
Overview.csv,2019-07-22 08:52:00,2,"2725,2726",True,0,,
Overview.csv,2019-07-22 13:17:00,2,"2744,2745",True,0,,
Overview.csv,2019-07-22 14:05:00,2,"2749,2750",False,1,OTI,OTI=38.0..39.0
Overview.csv,2019-07-22 14:16:00,2,"2752,2753",False,1,OTI,OTI=39.0..40.0
Overview.csv,2019-07-22 18:18:00,2,"2760,2761",False,1,OTI,OTI=27.0..31.0
Overview.csv,2019-07-23 02:34:00,2,"2767,2768",True,0,,
Overview.csv,2019-07-23 03:14:00,2,"2770,2771",False,1,OLI,OLI=39.0..40.0
Overview.csv,2019-07-23 13:55:00,2,"2813,2814",True,0,,
Overview.csv,2019-07-24 11:38:00,2,"2904,2905",False,1,OTI,OTI=44.0..45.0
Overview.csv,2019-07-24 13:38:00,2,"2916,2917",True,0,,
Overview.csv,2019-07-24 14:28:00,2,"2921,2922",False,2,"OTI,OLI",OTI=45.0..48.0;OLI=38.0..39.0
Overview.csv,2019-07-24 21:13:00,2,"2953,2954",False,1,OLI,OLI=39.0..40.0
Overview.csv,2019-07-30 15:54:00,2,"3016,3017",False,1,OTI,OTI=28.0..29.0
Overview.csv,2019-08-02 03:53:00,2,"3257,3258",False,2,"OTI,OLI",OTI=29.0..30.0;OLI=39.0..40.0
Overview.csv,2019-08-02 04:33:00,2,"3261,3262",False,3,"OTI,ATI,OLI",OTI=27.0..29.0;ATI=26.0..27.0;OLI=39.0..40.0
Overview.csv,2019-08-03 06:29:00,2,"3367,3368",True,0,,
Overview.csv,2019-08-03 14:08:00,2,"3398,3399",False,1,OTI,OTI=40.0..41.0
Overview.csv,2019-08-04 06:54:00,2,"3467,3468",False,1,OTI,OTI=29.0..31.0
Overview.csv,2019-08-04 08:12:00,2,"3474,3475",False,1,OTI,OTI=31.0..33.0
Overview.csv,2019-08-04 11:28:00,2,"3489,3490",True,0,,
Overview.csv,2019-08-04 19:53:00,2,"3524,3525",True,0,,
Overview.csv,2019-08-05 04:31:00,2,"3560,3561",True,0,,
Overview.csv,2019-08-05 17:20:00,2,"3613,3614",True,0,,
Overview.csv,2019-08-05 20:33:00,2,"3624,3625",True,0,,
Overview.csv,2019-08-05 21:13:00,2,"3628,3629",False,1,ATI,ATI=31.0..32.0
Overview.csv,2019-08-07 18:44:00,2,"3715,3716",False,2,"OTI,OLI",OTI=30.0..32.0;OLI=39.0..40.0
Overview.csv,2019-08-07 20:08:00,2,"3721,3722",False,1,OLI,OLI=39.0..40.0
Overview.csv,2019-08-07 22:53:00,2,"3733,3734",False,2,"OTI,OLI",OTI=29.0..30.0;OLI=39.0..40.0
Overview.csv,2019-08-08 09:30:00,2,"3777,3778",False,2,"OTI,OLI",OTI=27.0..29.0;OLI=39.0..40.0
Overview.csv,2019-08-08 11:08:00,2,"3784,3785",False,1,OLI,OLI=39.0..40.0
Overview.csv,2019-08-08 12:38:00,2,"3792,3793",True,0,,
Overview.csv,2019-08-09 10:00:00,2,"3878,3879",True,0,,
Overview.csv,2019-08-09 16:04:00,2,"3905,3906",False,1,OTI,OTI=43.0..45.0
Overview.csv,2019-08-09 17:14:00,2,"3910,3911",False,1,OTI,OTI=35.0..36.0
Overview.csv,2019-08-10 04:12:00,2,"3954,3955",False,1,OLI,OLI=39.0..40.0
Overview.csv,2019-08-10 05:16:00,2,"3958,3959",False,2,"OTI,OLI",OTI=29.0..30.0;OLI=39.0..40.0
Overview.csv,2019-08-10 06:01:00,2,"3962,3963",False,1,OLI,OLI=39.0..40.0
Overview.csv,2019-08-10 09:23:00,2,"3976,3977",False,1,OTI,OTI=33.0..34.0
Overview.csv,2019-08-11 04:35:00,2,"4058,4059",False,1,OLI,OLI=39.0..40.0
Overview.csv,2019-08-11 10:24:00,2,"4083,4084",True,0,,
Overview.csv,2019-08-11 12:30:00,2,"4093,4094",True,0,,
Overview.csv,2019-08-11 14:58:00,2,"4104,4105",False,1,OTI,OTI=41.0..44.0
Overview.csv,2019-08-11 15:03:00,2,"4106,4107",True,0,,
Overview.csv,2019-08-11 16:26:00,2,"4113,4114",True,0,,
Overview.csv,2019-08-11 19:59:00,2,"4127,4128",False,1,OLI,OLI=39.0..40.0
Overview.csv,2019-08-11 20:40:00,2,"4131,4132",True,0,,
Overview.csv,2019-08-11 21:30:00,2,"4136,4137",False,1,OLI,OLI=39.0..40.0
Overview.csv,2019-08-11 22:13:00,2,"4139,4140",True,0,,
Overview.csv,2019-08-12 00:35:00,2,"4143,4144",False,2,"OTI,OLI",OTI=32.0..33.0;OLI=39.0..40.0
Overview.csv,2019-08-12 01:14:00,2,"4147,4148",False,1,OLI,OLI=39.0..40.0
Overview.csv,2019-08-12 04:47:00,2,"4162,4163",False,2,"OTI,OLI",OTI=26.0..28.0;OLI=39.0..40.0
Overview.csv,2019-08-12 05:18:00,2,"4165,4166",False,1,OLI,OLI=39.0..40.0
Overview.csv,2019-08-12 05:47:00,2,"4168,4169",True,0,,
Overview.csv,2019-08-12 19:45:00,2,"4224,4225",False,2,"OTI,OLI",OTI=29.0..30.0;OLI=39.0..41.0
Overview.csv,2019-08-13 14:52:00,2,"4302,4303",False,1,OTI,OTI=33.0..36.0
Overview.csv,2019-08-15 00:45:00,2,"4439,4440",True,0,,
Overview.csv,2019-08-15 02:05:00,2,"4446,4447",False,1,OTI,OTI=26.0..27.0
Overview.csv,2019-08-15 12:22:00,2,"4486,4487",False,1,OLI,OLI=39.0..40.0
Overview.csv,2019-08-15 22:27:00,2,"4528,4529",False,2,"OTI,OLI",OTI=27.0..29.0;OLI=39.0..40.0
Overview.csv,2019-08-16 09:18:00,2,"4574,4575",False,2,"OTI,OLI",OTI=34.0..36.0;OLI=39.0..40.0
Overview.csv,2019-08-16 16:45:00,2,"4611,4612",False,1,OLI,OLI=39.0..40.0
Overview.csv,2019-08-17 12:21:00,2,"4691,4692",False,1,OTI,OTI=38.0..39.0
Overview.csv,2019-08-17 13:00:00,2,"4695,4696",False,1,OLI,OLI=39.0..40.0
Overview.csv,2019-08-18 03:55:00,2,"4757,4758",False,1,OLI,OLI=40.0..41.0
Overview.csv,2019-08-18 21:08:00,2,"4829,4830",False,1,OLI,OLI=39.0..40.0
Overview.csv,2019-08-19 12:52:00,2,"4893,4894",False,1,OTI,OTI=38.0..40.0
Overview.csv,2019-08-19 13:10:00,2,"4896,4897",True,0,,
Overview.csv,2019-08-20 08:23:00,2,"4976,4977",False,2,"OTI,OLI",OTI=35.0..36.0;OLI=39.0..40.0
Overview.csv,2019-08-20 18:21:00,2,"5018,5019",False,1,OLI,OLI=39.0..40.0
Overview.csv,2019-08-20 20:53:00,2,"5028,5029",False,1,OLI,OLI=39.0..40.0
Overview.csv,2019-08-21 21:39:00,2,"5113,5114",False,2,"OTI,OLI",OTI=38.0..39.0;OLI=39.0..40.0
Overview.csv,2019-08-21 22:59:00,2,"5120,5121",False,1,OLI,OLI=39.0..40.0
Overview.csv,2019-08-22 15:30:00,2,"5190,5191",False,1,OLI,OLI=39.0..40.0
Overview.csv,2019-08-22 15:45:00,2,"5192,5193",False,2,"OTI,OLI",OTI=45.0..46.0;OLI=39.0..40.0
Overview.csv,2019-08-22 15:47:00,2,"5195,5196",True,0,,
Overview.csv,2019-08-27 05:12:00,2,"5280,5281",False,1,OLI,OLI=40.0..41.0
Overview.csv,2019-08-27 07:06:00,2,"5290,5291",False,1,OLI,OLI=40.0..41.0
Overview.csv,2019-08-27 13:13:00,2,"5316,5317",True,0,,
Overview.csv,2019-08-29 09:13:00,2,"5494,5495",False,1,OLI,OLI=39.0..40.0
Overview.csv,2019-08-31 13:48:00,2,"5706,5707",True,0,,
Overview.csv,2019-09-01 10:44:00,2,"5790,5791",False,1,OLI,OLI=39.0..40.0
Overview.csv,2019-09-01 14:16:00,2,"5804,5805",False,1,OLI,OLI=39.0..40.0
Overview.csv,2019-09-01 17:45:00,2,"5819,5820",False,1,OLI,OLI=40.0..41.0
Overview.csv,2019-09-02 22:05:00,2,"5934,5935",False,2,"OTI,OLI",OTI=29.0..30.0;OLI=41.0..42.0
Overview.csv,2019-09-03 14:30:00,2,"6003,6004",False,2,"OTI,OLI",OTI=52.0..53.0;OLI=39.0..40.0
Overview.csv,2019-09-03 15:08:00,2,"6010,6011",False,1,OTI,OTI=52.0..53.0
Overview.csv,2019-09-04 14:01:00,2,"6103,6104",False,2,"OTI,OLI",OTI=41.0..43.0;OLI=39.0..40.0
Overview.csv,2019-09-04 17:11:00,2,"6117,6118",False,1,OLI,OLI=39.0..40.0
Overview.csv,2019-09-04 19:31:00,2,"6128,6129",False,2,"OTI,OLI",OTI=34.0..36.0;OLI=40.0..41.0
Overview.csv,2019-09-05 12:01:00,2,"6195,6196",True,0,,
Overview.csv,2019-09-05 16:57:00,2,"6216,6217",False,1,OTI,OTI=37.0..38.0
Overview.csv,2019-09-06 16:03:00,2,"6309,6310",False,2,"OTI,OLI",OTI=41.0..42.0;OLI=39.0..40.0
Overview.csv,2019-09-06 17:14:00,2,"6315,6316",False,1,OTI,OTI=38.0..39.0
Overview.csv,2019-09-06 17:33:00,2,"6317,6318",False,1,OLI,OLI=40.0..41.0
Overview.csv,2019-09-08 00:22:00,2,"6442,6443",False,3,"OTI,ATI,OLI",OTI=30.0..31.0;ATI=27.0..28.0;OLI=40.0..42.0
Overview.csv,2019-09-08 09:23:00,2,"6479,6480",False,2,"OTI,OLI",OTI=32.0..33.0;OLI=40.0..41.0
Overview.csv,2019-09-08 14:07:00,2,"6499,6500",False,2,"OTI,OLI",OTI=45.0..46.0;OLI=39.0..40.0
Overview.csv,2019-09-08 15:13:00,2,"6504,6505",False,1,OLI,OLI=40.0..41.0
Overview.csv,2019-09-08 16:15:00,3,"6510,6511,6512",False,3,"OTI,ATI,OLI",OTI=34.0..35.0;ATI=30.0..31.0;OLI=40.0..42.0
Overview.csv,2019-09-08 16:45:00,2,"6514,6515",False,1,OLI,OLI=40.0..41.0
Overview.csv,2019-09-08 17:02:00,2,"6516,6517",False,1,OLI,OLI=40.0..42.0
Overview.csv,2019-09-08 17:10:00,2,"6518,6519",False,1,OLI,OLI=40.0..42.0
Overview.csv,2019-09-08 17:26:00,2,"6520,6521",False,1,OLI,OLI=40.0..42.0
Overview.csv,2019-09-08 17:44:00,2,"6523,6524",False,1,OLI,OLI=40.0..41.0
Overview.csv,2019-09-09 09:52:00,2,"6587,6588",False,1,OLI,OLI=40.0..41.0
Overview.csv,2019-09-09 13:19:00,2,"6601,6602",False,2,"OTI,OLI",OTI=35.0..36.0;OLI=40.0..41.0
Overview.csv,2019-09-11 12:30:00,2,"6790,6791",False,1,OLI,OLI=40.0..41.0
Overview.csv,2019-09-12 15:44:00,2,"6898,6899",False,1,OLI,OLI=40.0..41.0
Overview.csv,2019-09-13 06:04:00,2,"6952,6953",False,2,"OTI,OLI",OTI=26.0..27.0;OLI=41.0..43.0
Overview.csv,2019-09-14 09:24:00,2,"7036,7037",False,2,"OTI,OLI",OTI=32.0..33.0;OLI=40.0..41.0
Overview.csv,2019-09-14 10:57:00,2,"7044,7045",False,2,"OTI,OLI",OTI=34.0..35.0;OLI=39.0..40.0
Overview.csv,2019-09-14 17:49:00,2,"7075,7076",False,1,OLI,OLI=40.0..41.0
Overview.csv,2019-09-17 05:16:00,2,"7314,7315",False,2,"OTI,OLI",OTI=28.0..29.0;OLI=41.0..43.0
Overview.csv,2019-09-17 13:50:00,2,"7349,7350",False,1,OLI,OLI=40.0..42.0
Overview.csv,2019-09-17 19:00:00,2,"7371,7372",False,1,OLI,OLI=40.0..43.0
Overview.csv,2019-09-17 21:37:00,2,"7382,7383",False,1,OTI,OTI=31.0..32.0
Overview.csv,2019-09-18 06:07:00,2,"7419,7420",False,2,"OTI,OLI",OTI=28.0..29.0;OLI=41.0..43.0
Overview.csv,2019-09-18 15:52:00,2,"7458,7459",False,1,OLI,OLI=40.0..41.0
Overview.csv,2019-09-18 20:15:00,2,"7477,7478",False,1,OLI,OLI=41.0..43.0
Overview.csv,2019-09-26 13:50:00,3,"7494,7495,7496",False,2,"OTI,OLI",OTI=38.0..40.0;OLI=40.0..41.0
Overview.csv,2019-09-26 16:35:00,2,"7507,7508",False,1,OLI,OLI=41.0..42.0
Overview.csv,2019-09-27 05:26:00,2,"7561,7562",False,2,"OTI,OLI",OTI=27.0..28.0;OLI=43.0..45.0
Overview.csv,2019-09-27 13:26:00,2,"7588,7589",False,1,OTI,OTI=39.0..40.0
Overview.csv,2019-09-27 13:53:00,2,"7592,7593",False,1,OLI,OLI=41.0..42.0
Overview.csv,2019-09-27 15:31:00,2,"7601,7602",False,1,OTI,OTI=30.0..31.0
Overview.csv,2019-09-27 16:41:00,2,"7607,7608",False,2,"OTI,OLI",OTI=29.0..30.0;OLI=41.0..44.0
Overview.csv,2019-09-29 11:48:00,2,"7782,7783",False,2,"OTI,OLI",OTI=33.0..34.0;OLI=41.0..42.0
Overview.csv,2019-09-29 12:15:00,2,"7784,7785",False,1,OLI,OLI=42.0..43.0
Overview.csv,2019-09-29 15:32:00,2,"7786,7787",False,1,OLI,OLI=44.0..49.0
Overview.csv,2019-09-29 18:30:00,2,"7799,7800",False,2,"OTI,OLI",OTI=23.0..24.0;OLI=45.0..54.0
Overview.csv,2019-09-29 18:42:00,2,"7803,7804",False,2,"OTI,OLI",OTI=23.0..24.0;OLI=46.0..51.0
Overview.csv,2019-09-29 22:39:00,2,"7820,7821",False,2,"OTI,OLI",OTI=24.0..25.0;OLI=45.0..51.0
Overview.csv,2019-09-30 06:30:00,2,"7853,7854",False,1,OLI,OLI=45.0..52.0
Overview.csv,2019-09-30 09:11:00,2,"7865,7866",False,2,"OTI,OLI",OTI=30.0..31.0;OLI=41.0..42.0
Overview.csv,2019-09-30 14:10:00,2,"7885,7886",False,1,OLI,OLI=40.0..42.0
Overview.csv,2019-10-01 07:32:00,2,"7959,7960",False,2,"OTI,OLI",OTI=23.0..24.0;OLI=44.0..50.0
Overview.csv,2019-10-01 07:47:00,2,"7961,7962",False,1,OLI,OLI=45.0..50.0
Overview.csv,2019-10-01 08:06:00,2,"7964,7965",False,1,OLI,OLI=43.0..47.0
Overview.csv,2019-10-01 09:30:00,2,"7971,7972",False,1,OLI,OLI=44.0..47.0
Overview.csv,2019-10-01 10:11:00,2,"7975,7976",False,1,OLI,OLI=43.0..50.0
Overview.csv,2019-10-02 05:49:00,2,"8061,8062",False,2,"OTI,OLI",OTI=25.0..26.0;OLI=45.0..50.0
Overview.csv,2019-10-02 06:40:00,2,"8065,8066",False,2,"OTI,OLI",OTI=26.0..27.0;OLI=44.0..48.0
Overview.csv,2019-10-02 09:14:00,2,"8076,8077",False,1,OLI,OLI=42.0..43.0
Overview.csv,2019-10-02 15:36:00,2,"8105,8106",False,2,"OTI,OLI",OTI=28.0..29.0;OLI=42.0..44.0
Overview.csv,2019-10-02 16:45:00,2,"8111,8112",False,2,"OTI,OLI",OTI=29.0..30.0;OLI=42.0..45.0
Overview.csv,2019-10-02 20:20:00,2,"8126,8127",False,1,OLI,OLI=42.0..46.0
Overview.csv,2019-10-03 03:10:00,2,"8153,8154",False,2,"OTI,OLI",OTI=27.0..28.0;OLI=44.0..48.0
Overview.csv,2019-10-03 11:28:00,2,"8188,8189",False,1,OLI,OLI=41.0..42.0
Overview.csv,2019-10-03 16:52:00,2,"8212,8213",False,1,OLI,OLI=43.0..44.0
Overview.csv,2019-10-03 17:42:00,2,"8217,8218",False,1,OLI,OLI=43.0..45.0
Overview.csv,2019-10-05 13:24:00,2,"8394,8395",False,1,OLI,OLI=40.0..42.0
Overview.csv,2019-10-05 15:10:00,2,"8403,8404",False,1,OLI,OLI=42.0..44.0
Overview.csv,2019-10-06 06:25:00,2,"8466,8467",False,2,"OTI,OLI",OTI=28.0..29.0;OLI=45.0..50.0
Overview.csv,2019-10-07 13:38:00,2,"8593,8594",False,1,OLI,OLI=42.0..44.0
Overview.csv,2019-10-07 16:19:00,2,"8606,8607",False,1,OLI,OLI=45.0..50.0
Overview.csv,2019-10-07 16:32:00,2,"8608,8609",False,1,OLI,OLI=46.0..51.0
Overview.csv,2019-10-07 17:02:00,2,"8611,8612",False,2,"OTI,OLI",OTI=25.0..26.0;OLI=46.0..52.0
Overview.csv,2019-10-07 17:51:00,2,"8616,8617",False,2,"OTI,OLI",OTI=25.0..26.0;OLI=45.0..51.0
Overview.csv,2019-10-09 02:43:00,2,"8752,8753",False,1,OLI,OLI=48.0..53.0
Overview.csv,2019-10-09 14:19:00,2,"8801,8802",False,1,OLI,OLI=43.0..47.0
Overview.csv,2019-10-10 06:17:00,2,"8866,8867",False,1,OLI,OLI=47.0..55.0
Overview.csv,2019-10-10 06:31:00,2,"8868,8869",False,1,OLI,OLI=47.0..57.0
Overview.csv,2019-10-10 14:16:00,2,"8898,8899",False,1,OLI,OLI=49.0..56.0
Overview.csv,2019-10-11 05:32:00,2,"8963,8964",False,2,"OTI,OLI",OTI=25.0..26.0;OLI=50.0..56.0
Overview.csv,2019-10-12 03:17:00,2,"9057,9058",False,1,OLI,OLI=49.0..57.0
Overview.csv,2019-10-12 05:15:00,2,"9067,9068",False,1,OLI,OLI=50.0..56.0
Overview.csv,2019-10-12 06:55:00,2,"9075,9076",False,2,"OTI,OLI",OTI=26.0..27.0;OLI=51.0..59.0
Overview.csv,2019-10-12 07:05:00,2,"9077,9078",False,2,"OTI,OLI",OTI=26.0..27.0;OLI=49.0..57.0
Overview.csv,2019-10-13 23:20:00,2,"9245,9246",False,2,"OTI,OLI",OTI=26.0..27.0;OLI=50.0..57.0
Overview.csv,2019-10-14 06:48:00,2,"9277,9278",False,1,OLI,OLI=53.0..67.0
Overview.csv,2019-10-15 03:25:00,2,"9361,9362",False,2,"OTI,OLI",OTI=26.0..27.0;OLI=53.0..61.0
Overview.csv,2019-10-15 06:08:00,2,"9374,9375",False,1,OLI,OLI=50.0..61.0
Overview.csv,2019-10-16 11:15:00,2,"9493,9494",False,2,"OTI,OLI",OTI=29.0..30.0;OLI=47.0..53.0
Overview.csv,2019-10-16 12:24:00,2,"9499,9500",False,2,"OTI,OLI",OTI=32.0..33.0;OLI=42.0..44.0
Overview.csv,2019-10-19 13:39:00,2,"9793,9794",False,1,OLI,OLI=42.0..44.0
Overview.csv,2019-10-19 21:52:00,2,"9828,9829",False,1,OLI,OLI=48.0..56.0
Overview.csv,2019-10-19 21:57:00,2,"9830,9831",False,1,OLI,OLI=49.0..58.0
Overview.csv,2019-10-24 17:17:00,2,"9848,9849",False,2,"OTI,OLI",OTI=23.0..24.0;OLI=57.0..66.0
Overview.csv,2019-10-25 15:37:00,2,"9939,9940",False,1,OLI,OLI=57.0..72.0
Overview.csv,2019-10-25 23:42:00,2,"9972,9973",False,1,OLI,OLI=60.0..69.0
Overview.csv,2019-10-26 03:13:00,2,"9989,9990",False,2,"OTI,OLI",OTI=23.0..24.0;OLI=62.0..73.0
Overview.csv,2019-10-26 03:15:00,2,"9991,9992",False,3,"OTI,ATI,OLI",OTI=24.0..25.0;ATI=24.0..25.0;OLI=61.0..81.0
Overview.csv,2019-10-26 07:22:00,2,"10013,10014",False,1,OLI,OLI=59.0..70.0
Overview.csv,2019-10-26 15:30:00,2,"10047,10048",False,2,"OTI,OLI",OTI=23.0..25.0;OLI=56.0..76.0
Overview.csv,2019-10-27 03:48:00,2,"10097,10098",False,1,OLI,OLI=61.0..75.0
Overview.csv,2019-10-27 07:03:00,2,"10113,10114",False,1,OLI,OLI=60.0..77.0
Overview.csv,2019-10-28 10:40:00,2,"10233,10234",False,1,OLI,OLI=56.0..64.0
Overview.csv,2019-10-30 04:10:00,2,"10408,10409",False,2,"OTI,OLI",OTI=25.0..27.0;OLI=65.0..77.0
Overview.csv,2019-10-30 04:39:00,2,"10411,10412",False,1,OLI,OLI=65.0..79.0
Overview.csv,2019-10-30 06:41:00,2,"10421,10422",False,2,"OTI,OLI",OTI=25.0..26.0;OLI=64.0..76.0
Overview.csv,2019-10-31 06:01:00,2,"10506,10507",False,1,OLI,OLI=69.0..82.0
Overview.csv,2019-10-31 06:45:00,2,"10510,10511",False,1,OLI,OLI=71.0..84.0
Overview.csv,2019-10-31 12:15:00,2,"10535,10536",False,1,OLI,OLI=46.0..47.0
Overview.csv,2019-10-31 14:30:00,2,"10542,10543",False,2,"OTI,OLI",OTI=39.0..40.0;OLI=47.0..55.0
Overview.csv,2019-10-31 20:30:00,2,"10567,10568",False,1,OLI,OLI=66.0..75.0
Overview.csv,2019-10-31 23:52:00,2,"10585,10586",False,1,OLI,OLI=67.0..80.0
Overview.csv,2019-11-01 23:44:00,2,"10684,10685",False,1,OLI,OLI=68.0..80.0
Overview.csv,2019-11-02 18:13:00,2,"10762,10763",False,1,OLI,OLI=64.0..77.0
Overview.csv,2019-11-02 22:23:00,2,"10781,10782",False,2,"OTI,OLI",OTI=26.0..28.0;OLI=65.0..78.0
Overview.csv,2019-11-03 13:20:00,2,"10845,10846",False,2,"OTI,OLI",OTI=36.0..38.0;OLI=49.0..56.0
Overview.csv,2019-11-05 07:45:00,2,"11022,11023",False,2,"OTI,OLI",OTI=25.0..26.0;OLI=72.0..89.0
Overview.csv,2019-11-05 09:17:00,2,"11030,11031",False,1,OLI,OLI=63.0..73.0
Overview.csv,2019-11-05 10:56:00,2,"11038,11039",False,2,"OTI,OLI",OTI=31.0..32.0;OLI=56.0..68.0
Overview.csv,2019-11-05 14:34:00,2,"11051,11052",False,1,OLI,OLI=51.0..61.0
Overview.csv,2019-11-05 14:52:00,2,"11053,11054",False,1,OLI,OLI=55.0..66.0
Overview.csv,2019-11-06 23:32:00,2,"11111,11112",False,1,OLI,OLI=74.0..92.0
Overview.csv,2019-11-08 03:32:00,2,"11225,11226",False,2,"OTI,OLI",OTI=25.0..26.0;OLI=75.0..88.0
Overview.csv,2019-11-08 04:24:00,2,"11229,11230",False,2,"OTI,OLI",OTI=25.0..26.0;OLI=73.0..86.0
Overview.csv,2019-11-08 14:29:00,2,"11271,11272",False,1,OLI,OLI=72.0..82.0
Overview.csv,2019-11-08 19:50:00,2,"11293,11294",False,1,OLI,OLI=72.0..84.0
Overview.csv,2019-11-08 20:23:00,2,"11300,11301",False,1,OLI,OLI=72.0..86.0
Overview.csv,2019-11-09 07:33:00,2,"11352,11353",False,1,OLI,OLI=73.0..92.0
Overview.csv,2019-11-09 14:48:00,2,"11382,11383",False,2,"OTI,OLI",OTI=27.0..28.0;OLI=64.0..79.0
Overview.csv,2019-11-09 18:44:00,2,"11402,11403",False,1,OLI,OLI=72.0..85.0
Overview.csv,2019-11-09 19:07:00,2,"11406,11407",False,2,"OTI,OLI",OTI=24.0..25.0;OLI=73.0..86.0
Overview.csv,2019-11-09 19:16:00,2,"11408,11409",False,1,OLI,OLI=73.0..87.0
Overview.csv,2019-11-09 21:13:00,2,"11417,11418",False,1,OLI,OLI=76.0..90.0
Overview.csv,2019-11-09 21:15:00,2,"11419,11420",False,2,"OTI,OLI",OTI=25.0..26.0;OLI=76.0..89.0
Overview.csv,2019-11-10 07:01:00,2,"11459,11460",False,2,"OTI,OLI",OTI=24.0..25.0;OLI=78.0..90.0
Overview.csv,2019-11-10 09:23:00,2,"11470,11471",False,1,OLI,OLI=72.0..85.0
Overview.csv,2019-11-10 13:03:00,2,"11488,11489",False,1,OLI,OLI=78.0..92.0
Overview.csv,2019-11-10 17:08:00,2,"11506,11507",False,2,"OTI,OLI",OTI=21.0..22.0;OLI=81.0..92.0
Overview.csv,2019-11-10 17:31:00,2,"11509,11510",False,2,"OTI,OLI",OTI=19.0..22.0;OLI=78.0..92.0
Overview.csv,2019-11-11 09:09:00,2,"11573,11574",False,1,OLI,OLI=79.0..90.0
Overview.csv,2019-11-11 12:19:00,2,"11589,11590",False,1,OLI,OLI=78.0..87.0
Overview.csv,2019-11-11 13:57:00,2,"11597,11598",False,2,"OTI,OLI",OTI=24.0..25.0;OLI=75.0..89.0
Overview.csv,2019-11-11 15:57:00,2,"11607,11608",False,1,OTI,OTI=27.0..28.0
Overview.csv,2019-11-11 17:15:00,2,"11615,11616",False,3,"OTI,ATI,OLI",OTI=26.0..27.0;ATI=24.0..25.0;OLI=75.0..96.0
Overview.csv,2019-11-12 06:15:00,2,"11670,11671",False,2,"OTI,OLI",OTI=23.0..24.0;OLI=81.0..97.0
Overview.csv,2019-11-12 13:44:00,2,"11703,11704",False,2,"OTI,OLI",OTI=38.0..39.0;OLI=52.0..60.0
Overview.csv,2019-11-12 14:44:00,2,"11707,11708",False,2,"OTI,OLI",OTI=38.0..39.0;OLI=57.0..67.0
Overview.csv,2019-11-13 21:51:00,2,"11836,11837",False,1,OLI,OLI=76.0..91.0
Overview.csv,2019-11-14 04:36:00,2,"11865,11866",False,2,"OTI,OLI",OTI=23.0..24.0;OLI=82.0..96.0
Overview.csv,2019-11-15 13:23:00,2,"11999,12000",False,1,OLI,OLI=52.0..54.0
Overview.csv,2019-11-15 22:01:00,2,"12036,12037",False,2,"OTI,OLI",OTI=27.0..28.0;OLI=83.0..97.0
Overview.csv,2019-11-16 20:05:00,2,"12128,12129",False,1,OLI,OLI=86.0..97.0
Overview.csv,2019-11-21 13:09:00,2,"12147,12148",False,1,OLI,OLI=68.0..83.0
Overview.csv,2019-11-23 15:25:00,2,"12329,12330",False,1,OLI,OLI=80.0..94.0
Overview.csv,2019-11-24 06:44:00,2,"12393,12394",False,1,OLI,OLI=96.0..99.0
Overview.csv,2019-11-24 09:01:00,2,"12404,12405",False,1,OLI,OLI=90.0..100.0
Overview.csv,2019-11-25 08:53:00,2,"12503,12504",False,2,"OTI,OLI",OTI=24.0..25.0;OLI=89.0..98.0
Overview.csv,2019-11-25 19:16:00,2,"12545,12546",False,2,"OTI,OLI",OTI=25.0..26.0;OLI=92.0..100.0
Overview.csv,2019-11-26 11:00:00,2,"12613,12614",False,1,OLI,OLI=86.0..100.0
Overview.csv,2019-11-26 12:54:00,2,"12623,12624",False,2,"OTI,OLI",OTI=32.0..34.0;OLI=66.0..79.0
Overview.csv,2019-11-27 20:09:00,2,"12754,12755",False,2,"OTI,OLI",OTI=26.0..27.0;OLI=94.0..100.0
Overview.csv,2019-11-28 08:46:00,2,"12806,12807",False,1,OLI,OLI=95.0..100.0
Overview.csv,2019-11-28 20:18:00,2,"12848,12849",False,1,OLI,OLI=92.0..100.0
Overview.csv,2019-11-30 11:42:00,2,"12870,12871",False,1,OLI,OLI=82.0..96.0
Overview.csv,2019-11-30 18:01:00,2,"12896,12897",False,2,"OTI,OLI",OTI=26.0..27.0;OLI=96.0..100.0
Overview.csv,2019-12-01 09:10:00,2,"12958,12959",False,1,OLI,OLI=93.0..100.0
Overview.csv,2019-12-02 18:00:00,2,"13097,13098",False,1,OTI,OTI=23.0..25.0
Overview.csv,2019-12-02 18:15:00,2,"13099,13100",False,2,"OTI,OLI",OTI=25.0..26.0;OLI=96.0..100.0
Overview.csv,2019-12-03 08:14:00,2,"13156,13157",False,1,OLI,OLI=98.0..100.0
Overview.csv,2019-12-05 09:20:00,2,"13359,13360",True,0,,
Overview.csv,2019-12-05 18:15:00,2,"13396,13397",False,2,"OTI,OLI",OTI=27.0..28.0;OLI=97.0..100.0
Overview.csv,2019-12-05 18:30:00,2,"13399,13400",False,1,OLI,OLI=95.0..100.0
Overview.csv,2019-12-06 09:51:00,2,"13461,13462",True,0,,
Overview.csv,2019-12-06 17:46:00,2,"13494,13495",False,1,OLI,OLI=98.0..100.0
Overview.csv,2019-12-07 09:45:00,2,"13559,13560",True,0,,
Overview.csv,2019-12-07 17:45:00,2,"13592,13593",True,0,,
Overview.csv,2019-12-08 06:30:00,2,"13644,13645",True,0,,
Overview.csv,2019-12-08 16:45:00,2,"13687,13688",False,3,"OTI,ATI,OLI",OTI=27.0..28.0;ATI=25.0..26.0;OLI=98.0..100.0
Overview.csv,2019-12-09 10:00:00,2,"13757,13758",False,1,OLI,OLI=98.0..100.0
Overview.csv,2019-12-09 17:12:00,2,"13788,13789",False,1,OTI,OTI=25.0..27.0
Overview.csv,2019-12-09 20:36:00,2,"13803,13804",False,2,"OTI,OLI",OTI=23.0..25.0;OLI=98.0..100.0
Overview.csv,2019-12-10 10:18:00,2,"13859,13860",True,0,,
Overview.csv,2019-12-13 14:44:00,2,"13883,13884",False,2,"OTI,OLI",OTI=33.0..34.0;OLI=94.0..96.0
Overview.csv,2019-12-14 10:19:00,2,"13964,13965",True,0,,
Overview.csv,2019-12-14 16:42:00,2,"13991,13992",False,1,OTI,OTI=26.0..28.0
Overview.csv,2020-01-17 14:39:00,2,"14024,14025",False,1,OTI,OTI=36.0..37.0
Overview.csv,2020-01-17 15:38:00,2,"14027,14028",False,1,OTI,OTI=33.0..34.0
Overview.csv,2020-01-18 10:03:00,2,"14103,14104",False,1,OTI,OTI=23.0..25.0
Overview.csv,2020-01-18 17:18:00,2,"14120,14121",False,1,OTI,OTI=27.0..28.0
Overview.csv,2020-01-19 00:24:00,2,"14149,14150",True,0,,
Overview.csv,2020-01-19 17:31:00,2,"14220,14221",False,1,OTI,OTI=24.0..26.0
Overview.csv,2020-01-20 15:55:00,2,"14315,14316",True,0,,
Overview.csv,2020-01-22 11:55:00,2,"14495,14496",True,0,,
Overview.csv,2020-01-22 14:09:00,2,"14506,14507",True,0,,
Overview.csv,2020-01-22 16:00:00,2,"14517,14518",False,1,OTI,OTI=27.0..29.0
Overview.csv,2020-01-23 12:17:00,2,"14600,14601",True,0,,
Overview.csv,2020-01-23 12:36:00,2,"14603,14604",False,1,OTI,OTI=26.0..27.0
Overview.csv,2020-01-25 11:51:00,2,"14797,14798",True,0,,
Overview.csv,2020-01-25 12:02:00,2,"14800,14801",True,0,,
Overview.csv,2020-01-26 12:16:00,2,"14899,14900",False,1,OTI,OTI=24.0..25.0
Overview.csv,2020-01-26 15:33:00,2,"14914,14915",True,0,,
Overview.csv,2020-01-27 15:45:00,2,"15014,15015",False,2,"OTI,WTI",OTI=28.0..29.0;WTI=0.0..1.0
Overview.csv,2020-01-28 12:10:00,2,"15099,15100",False,1,OTI,OTI=24.0..26.0
Overview.csv,2020-01-28 12:17:00,2,"15101,15102",False,1,OTI,OTI=26.0..27.0
Overview.csv,2020-01-28 14:30:00,2,"15111,15112",False,1,OTI,OTI=30.0..31.0
Overview.csv,2020-01-29 13:26:00,2,"15205,15206",False,2,"OTI,WTI",OTI=25.0..26.0;WTI=0.0..1.0
Overview.csv,2020-01-29 15:25:00,2,"15217,15218",False,1,OTI,OTI=28.0..29.0
Overview.csv,2020-01-29 15:40:00,2,"15220,15221",False,1,OTI,OTI=28.0..29.0
Overview.csv,2020-01-30 10:24:00,2,"15297,15298",False,1,OTI,OTI=25.0..26.0
Overview.csv,2020-01-30 15:13:00,2,"15319,15320",False,1,WTI,WTI=0.0..1.0
Overview.csv,2020-01-31 12:10:00,2,"15408,15409",False,2,"OTI,WTI",OTI=26.0..27.0;WTI=0.0..1.0
Overview.csv,2020-02-01 11:29:00,2,"15506,15507",False,1,WTI,WTI=0.0..1.0
Overview.csv,2020-02-01 16:40:00,2,"15530,15531",False,1,WTI,WTI=0.0..1.0
Overview.csv,2020-02-04 16:02:00,2,"15711,15712",False,1,OTI,OTI=29.0..30.0
Overview.csv,2020-02-05 06:41:00,2,"15772,15773",True,0,,
Overview.csv,2020-02-05 11:14:00,2,"15793,15794",False,1,OTI,OTI=24.0..25.0
Overview.csv,2020-02-07 10:43:00,2,"15989,15990",False,1,WTI,WTI=0.0..1.0
Overview.csv,2020-02-07 14:38:00,2,"16007,16008",False,2,"WTI,ATI",WTI=0.0..1.0;ATI=24.0..25.0
Overview.csv,2020-02-08 11:27:00,2,"16095,16096",False,2,"OTI,WTI",OTI=25.0..26.0;WTI=0.0..1.0
Overview.csv,2020-02-08 11:47:00,2,"16097,16098",True,0,,
Overview.csv,2020-02-08 13:19:00,2,"16107,16108",False,2,"OTI,WTI",OTI=26.0..27.0;WTI=0.0..1.0
Overview.csv,2020-02-08 13:53:00,2,"16113,16114",True,0,,
Overview.csv,2020-02-12 17:54:00,2,"16254,16255",True,0,,
Overview.csv,2020-02-13 12:00:00,2,"16330,16331",True,0,,
Overview.csv,2020-02-14 17:12:00,2,"16452,16453",False,1,WTI,WTI=0.0..1.0
Overview.csv,2020-02-15 11:06:00,2,"16526,16527",True,0,,
Overview.csv,2020-02-15 18:01:00,2,"16556,16557",True,0,,
Overview.csv,2020-02-15 18:52:00,2,"16558,16559",True,0,,
Overview.csv,2020-02-16 10:33:00,2,"16623,16624",True,0,,
Overview.csv,2020-02-16 14:13:00,2,"16640,16641",False,1,WTI,WTI=0.0..1.0
Overview.csv,2020-02-16 17:54:00,2,"16656,16657",True,0,,
Overview.csv,2020-02-17 11:07:00,2,"16726,16727",False,1,WTI,WTI=0.0..1.0
Overview.csv,2020-02-17 17:51:00,2,"16754,16755",False,1,ATI,ATI=24.0..25.0
Overview.csv,2020-02-17 17:59:00,2,"16756,16757",False,1,OTI,OTI=26.0..27.0
Overview.csv,2020-02-18 09:50:00,2,"16819,16820",True,0,,
Overview.csv,2020-02-18 18:58:00,2,"16856,16857",False,1,OTI,OTI=27.0..28.0
Overview.csv,2020-02-19 09:47:00,2,"16918,16919",False,1,OTI,OTI=24.0..25.0
Overview.csv,2020-02-19 17:10:00,2,"16948,16949",True,0,,
Overview.csv,2020-02-19 18:41:00,2,"16955,16956",True,0,,
Overview.csv,2020-02-20 09:36:00,2,"17016,17017",True,0,,
Overview.csv,2020-02-20 14:24:00,2,"17037,17038",False,1,WTI,WTI=0.0..1.0
Overview.csv,2020-02-21 12:37:00,2,"17132,17133",True,0,,
Overview.csv,2020-02-21 20:08:00,2,"17163,17164",True,0,,
Overview.csv,2020-02-22 17:30:00,2,"17251,17252",True,0,,
Overview.csv,2020-02-22 20:18:00,2,"17263,17264",False,1,OTI,OTI=27.0..28.0
Overview.csv,2020-02-28 09:40:00,2,"17398,17399",False,1,OTI,OTI=24.0..25.0
Overview.csv,2020-02-28 19:22:00,2,"17439,17440",True,0,,
Overview.csv,2020-02-29 06:44:00,2,"17486,17487",False,1,OTI,OTI=19.0..20.0
Overview.csv,2020-02-29 09:17:00,2,"17499,17500",False,1,OTI,OTI=24.0..25.0
Overview.csv,2020-02-29 20:02:00,2,"17544,17545",False,1,OTI,OTI=27.0..28.0
Overview.csv,2020-03-01 18:05:00,2,"17630,17631",True,0,,
Overview.csv,2020-03-01 21:38:00,2,"17647,17648",False,1,OTI,OTI=26.0..27.0
Overview.csv,2020-03-02 08:41:00,2,"17694,17695",False,1,OTI,OTI=25.0..26.0
Overview.csv,2020-03-02 21:37:00,2,"17747,17748",True,0,,
Overview.csv,2020-03-02 23:34:00,2,"17757,17758",True,0,,
Overview.csv,2020-03-03 08:20:00,2,"17794,17795",False,1,OTI,OTI=26.0..27.0
Overview.csv,2020-03-03 09:00:00,2,"17798,17799",False,1,WTI,WTI=0.0..1.0
Overview.csv,2020-03-03 09:55:00,2,"17804,17805",True,0,,
Overview.csv,2020-03-03 13:04:00,2,"17818,17819",False,2,"OTI,WTI",OTI=33.0..34.0;WTI=0.0..1.0
Overview.csv,2020-03-03 16:58:00,2,"17835,17836",False,2,"OTI,WTI",OTI=32.0..33.0;WTI=0.0..1.0
Overview.csv,2020-03-03 21:59:00,2,"17857,17858",False,1,OTI,OTI=26.0..27.0
Overview.csv,2020-03-03 22:44:00,2,"17865,17866",False,2,"OTI,ATI",OTI=26.0..28.0;ATI=24.0..25.0
Overview.csv,2020-03-04 08:45:00,2,"17908,17909",True,0,,
Overview.csv,2020-03-04 23:38:00,2,"17969,17970",True,0,,
Overview.csv,2020-03-04 23:57:00,2,"17971,17972",False,1,ATI,ATI=24.0..25.0
Overview.csv,2020-03-05 08:46:00,2,"18008,18009",True,0,,
Overview.csv,2020-03-06 00:19:00,2,"18075,18076",True,0,,
Overview.csv,2020-03-06 08:28:00,2,"18112,18113",False,1,OTI,OTI=26.0..27.0
Overview.csv,2020-03-06 21:18:00,2,"18168,18169",True,0,,
Overview.csv,2020-03-21 14:40:00,2,"18182,18183",True,0,,
Overview.csv,2020-03-21 18:37:00,2,"18199,18200",True,0,,
Overview.csv,2020-03-24 07:46:00,2,"18261,18262",False,1,OTI,OTI=25.0..26.0
Overview.csv,2020-03-25 07:31:00,2,"18362,18363",True,0,,
Overview.csv,2020-03-26 01:00:00,2,"18433,18434",True,0,,
Overview.csv,2020-03-26 01:45:00,2,"18440,18441",True,0,,
Overview.csv,2020-03-26 07:26:00,2,"18468,18469",False,1,OTI,OTI=25.0..26.0
Overview.csv,2020-03-27 04:44:00,2,"18551,18552",True,0,,
Overview.csv,2020-03-28 04:41:00,2,"18649,18650",True,0,,
Overview.csv,2020-03-28 07:02:00,2,"18660,18661",True,0,,
Overview.csv,2020-03-30 02:46:00,2,"18839,18840",False,1,ATI,ATI=24.0..25.0
Overview.csv,2020-03-30 07:15:00,2,"18859,18860",True,0,,
Overview.csv,2020-03-31 01:35:00,2,"18933,18934",True,0,,
Overview.csv,2020-03-31 01:44:00,2,"18935,18936",True,0,,
Overview.csv,2020-03-31 07:18:00,2,"18959,18960",True,0,,
Overview.csv,2020-04-01 02:26:00,2,"19038,19039",True,0,,
Overview.csv,2020-04-01 07:15:00,2,"19059,19060",False,1,OTI,OTI=27.0..28.0
Overview.csv,2020-04-02 21:46:00,2,"19214,19215",True,0,,
Overview.csv,2020-04-03 01:28:00,2,"19230,19231",True,0,,
Overview.csv,2020-04-03 02:26:00,2,"19237,19238",True,0,,
Overview.csv,2020-04-03 03:57:00,2,"19250,19251",True,0,,
Overview.csv,2020-04-03 20:23:00,2,"19304,19305",True,0,,
Overview.csv,2020-04-03 22:04:00,2,"19307,19308",True,0,,
Overview.csv,2020-04-03 22:32:00,2,"19310,19311",False,2,"OTI,ATI",OTI=24.0..25.0;ATI=24.0..25.0
Overview.csv,2020-04-03 22:45:00,2,"19314,19315",True,0,,
Overview.csv,2020-04-04 01:30:00,2,"19317,19318",True,0,,
Overview.csv,2020-04-04 06:02:00,2,"19336,19337",True,0,,
Overview.csv,2020-04-04 06:45:00,2,"19342,19343",True,0,,
Overview.csv,2020-04-04 07:10:00,2,"19344,19345",True,0,,
Overview.csv,2020-04-04 08:16:00,2,"19350,19351",True,0,,
Overview.csv,2020-04-04 14:49:00,2,"19378,19379",True,0,,
Overview.csv,2020-04-04 14:59:00,2,"19380,19381",True,0,,
Overview.csv,2020-04-05 06:16:00,2,"19442,19443",True,0,,
Overview.csv,2020-04-05 13:36:00,2,"19473,19474",True,0,,
Overview.csv,2020-04-05 14:00:00,2,"19475,19476",True,0,,
Overview.csv,2020-04-05 17:35:00,2,"19491,19492",False,1,OTI,OTI=33.0..34.0
Overview.csv,2020-04-06 00:50:00,2,"19521,19522",True,0,,
Overview.csv,2020-04-06 03:36:00,2,"19534,19535",False,1,OTI,OTI=25.0..26.0
Overview.csv,2020-04-06 04:13:00,2,"19541,19542",False,1,OTI,OTI=25.0..26.0
Overview.csv,2020-04-06 04:57:00,2,"19548,19549",True,0,,
Overview.csv,2020-04-07 08:27:00,2,"19660,19661",False,1,OTI,OTI=29.0..31.0
Overview.csv,2020-04-08 09:17:00,2,"19761,19762",False,1,OTI,OTI=29.0..30.0
Overview.csv,2020-04-11 21:40:00,2,"20081,20082",False,1,OTI,OTI=19.0..22.0
Overview.csv,2020-04-11 22:36:00,2,"20086,20087",True,0,,
Overview.csv,2020-04-11 23:25:00,2,"20091,20092",True,0,,
Overview.csv,2020-04-12 07:39:00,2,"20125,20126",True,0,,
Overview.csv,2020-04-12 08:50:00,2,"20131,20132",True,0,,
Overview.csv,2020-04-12 09:26:00,2,"20135,20136",False,1,OTI,OTI=29.0..30.0
Overview.csv,2020-04-12 10:32:00,2,"20141,20142",False,1,OTI,OTI=31.0..32.0
Overview.csv,2020-04-12 13:09:00,2,"20153,20154",False,1,OTI,OTI=28.0..29.0
Overview.csv,2020-04-12 13:18:00,2,"20156,20157",False,1,ATI,ATI=31.0..32.0
Overview.csv,2020-04-12 16:39:00,2,"20171,20172",True,0,,
Overview.csv,2020-04-12 16:49:00,2,"20174,20175",True,0,,
Overview.csv,2020-04-12 18:51:00,2,"20184,20185",False,1,OTI,OTI=28.0..29.0
Overview.csv,2020-04-12 19:55:00,2,"20189,20190",False,1,OTI,OTI=27.0..29.0
Overview.csv,2020-04-13 00:17:00,2,"20213,20214",False,1,OTI,OTI=26.0..27.0
Overview.csv,2020-04-13 00:44:00,2,"20215,20216",True,0,,
Overview.csv,2020-04-13 06:58:00,2,"20244,20245",False,1,OTI,OTI=25.0..26.0
Overview.csv,2020-04-13 17:01:00,2,"20286,20287",True,0,,
Power.csv,2019-06-27 10:52:00,2,"5,6",True,0,,
Power.csv,2019-06-27 10:56:00,2,"9,10",True,0,,
Power.csv,2019-06-27 11:16:00,2,"17,18",True,0,,
Power.csv,2019-06-27 11:22:00,2,"22,23",True,0,,
Power.csv,2019-06-27 11:28:00,2,"27,28",True,0,,
Power.csv,2019-06-27 11:40:00,2,"36,37",True,0,,
Power.csv,2019-06-27 11:44:00,2,"39,40",True,0,,
Power.csv,2019-06-27 11:58:00,2,"48,49",True,0,,
Power.csv,2019-06-27 12:00:00,2,"51,52",True,0,,
Power.csv,2019-06-27 12:02:00,2,"54,55",True,0,,
Power.csv,2019-06-27 12:04:00,2,"57,58",True,0,,
Power.csv,2019-06-27 12:06:00,2,"60,61",True,0,,
Power.csv,2019-06-27 12:09:00,2,"64,65",True,0,,
Power.csv,2019-06-27 12:10:00,2,"66,67",True,0,,
Power.csv,2019-06-27 12:17:00,2,"70,71",True,0,,
Power.csv,2019-06-27 12:18:00,2,"72,73",True,0,,
Power.csv,2019-06-27 12:22:00,2,"75,76",True,0,,
Power.csv,2019-06-27 12:24:00,2,"78,79",True,0,,
Power.csv,2019-06-27 12:26:00,2,"81,82",True,0,,
Power.csv,2019-06-27 12:28:00,2,"84,85",True,0,,
Power.csv,2019-06-27 12:30:00,2,"87,88",True,0,,
Power.csv,2019-06-27 12:32:00,2,"90,91",True,0,,
Power.csv,2019-06-27 12:34:00,2,"93,94",True,0,,
Power.csv,2019-06-27 12:40:00,2,"98,99",True,0,,
Power.csv,2019-06-27 12:45:00,2,"102,103",True,0,,
Power.csv,2019-06-27 12:46:00,2,"104,105",True,0,,
Power.csv,2019-06-27 12:48:00,2,"107,108",True,0,,
Power.csv,2019-06-27 12:50:00,2,"110,111",True,0,,
Power.csv,2019-06-27 12:52:00,2,"113,114",True,0,,
Power.csv,2019-06-27 12:54:00,2,"116,117",True,0,,
Power.csv,2019-06-27 12:59:00,2,"120,121",True,0,,
Power.csv,2019-06-27 13:00:00,2,"122,123",True,0,,
Power.csv,2019-06-27 13:05:00,2,"128,129",True,0,,
Power.csv,2019-06-27 13:06:00,2,"130,131",True,0,,
Power.csv,2019-06-27 13:08:00,2,"133,134",True,0,,
Power.csv,2019-06-27 13:10:00,2,"136,137",True,0,,
Power.csv,2019-06-27 13:12:00,2,"139,140",True,0,,
Power.csv,2019-06-27 13:14:00,2,"142,143",True,0,,
Power.csv,2019-06-27 13:16:00,2,"145,146",True,0,,
Power.csv,2019-06-27 13:20:00,2,"149,150",True,0,,
Power.csv,2019-06-27 13:21:00,2,"151,152",True,0,,
Power.csv,2019-06-27 13:22:00,2,"153,154",True,0,,
Power.csv,2019-06-27 13:24:00,2,"156,157",True,0,,
Power.csv,2019-06-27 13:26:00,2,"159,160",True,0,,
Power.csv,2019-06-27 13:28:00,2,"162,163",True,0,,
Power.csv,2019-06-27 13:30:00,2,"165,166",True,0,,
Power.csv,2019-06-27 13:32:00,2,"168,169",True,0,,
Power.csv,2019-06-27 13:34:00,2,"171,172",True,0,,
Power.csv,2019-06-27 13:36:00,2,"174,175",True,0,,
Power.csv,2019-06-27 13:38:00,2,"177,178",True,0,,
Power.csv,2019-06-27 13:40:00,2,"180,181",True,0,,
Power.csv,2019-06-27 13:45:00,2,"184,185",True,0,,
Power.csv,2019-06-27 13:46:00,2,"186,187",True,0,,
Power.csv,2019-06-27 13:49:00,2,"190,191",True,0,,
Power.csv,2019-06-27 13:50:00,2,"192,193",True,0,,
Power.csv,2019-06-27 13:52:00,2,"195,196",True,0,,
Power.csv,2019-06-27 13:54:00,2,"198,199",True,0,,
Power.csv,2019-06-27 13:56:00,2,"201,202",True,0,,
Power.csv,2019-06-27 13:58:00,2,"204,205",True,0,,
Power.csv,2019-06-27 14:00:00,2,"207,208",True,0,,
Power.csv,2019-06-27 14:02:00,2,"210,211",True,0,,
Power.csv,2019-06-27 14:04:00,2,"213,214",True,0,,
Power.csv,2019-06-27 14:06:00,2,"216,217",True,0,,
Power.csv,2019-06-27 14:08:00,2,"219,220",True,0,,
Power.csv,2019-06-27 14:10:00,2,"222,223",True,0,,
Power.csv,2019-06-27 14:12:00,2,"225,226",True,0,,
Power.csv,2019-06-27 14:14:00,2,"228,229",True,0,,
Power.csv,2019-06-27 14:17:00,2,"232,233",True,0,,
Power.csv,2019-06-27 14:19:00,2,"235,236",True,0,,
Power.csv,2019-06-27 14:20:00,2,"237,238",True,0,,
Power.csv,2019-06-27 14:22:00,2,"240,241",True,0,,
Power.csv,2019-06-27 14:26:00,2,"245,246",True,0,,
Power.csv,2019-06-27 14:28:00,2,"248,249",True,0,,
Power.csv,2019-06-27 14:30:00,2,"251,252",True,0,,
Power.csv,2019-06-27 14:32:00,2,"254,255",True,0,,
Power.csv,2019-06-27 14:34:00,2,"257,258",True,0,,
Power.csv,2019-06-27 14:36:00,2,"260,261",True,0,,
Power.csv,2019-06-27 14:38:00,2,"263,264",True,0,,
Power.csv,2019-06-27 14:40:00,2,"266,267",True,0,,
Power.csv,2019-06-27 14:46:00,2,"272,273",True,0,,
Power.csv,2019-06-27 14:50:00,2,"276,277",True,0,,
Power.csv,2019-06-27 14:53:00,2,"280,281",True,0,,
Power.csv,2019-06-27 14:54:00,2,"282,283",True,0,,
Power.csv,2019-06-27 14:57:00,2,"286,287",True,0,,
Power.csv,2019-06-27 14:58:00,2,"288,289",True,0,,
Power.csv,2019-06-27 15:03:00,2,"292,293",True,0,,
Power.csv,2019-06-27 15:04:00,2,"294,295",True,0,,
Power.csv,2019-06-27 15:08:00,2,"298,299",True,0,,
Power.csv,2019-06-27 15:13:00,2,"302,303",True,0,,
Power.csv,2019-06-27 15:15:00,2,"305,306",True,0,,
Power.csv,2019-06-27 15:19:00,2,"308,309",True,0,,
Power.csv,2019-06-27 15:21:00,2,"311,312",True,0,,
Power.csv,2019-06-27 15:22:00,2,"313,314",True,0,,
Power.csv,2019-06-27 15:24:00,2,"316,317",True,0,,
Power.csv,2019-06-27 15:26:00,2,"319,320",True,0,,
Power.csv,2019-06-27 15:28:00,2,"322,323",True,0,,
Power.csv,2019-06-27 15:30:00,2,"325,326",True,0,,
Power.csv,2019-06-27 15:32:00,2,"328,329",True,0,,
Power.csv,2019-06-27 15:34:00,2,"331,332",True,0,,
Power.csv,2019-06-27 15:37:00,2,"335,336",True,0,,
Power.csv,2019-06-27 15:38:00,2,"337,338",True,0,,
Power.csv,2019-06-27 15:40:00,2,"340,341",True,0,,
Power.csv,2019-06-27 15:44:00,2,"344,345",True,0,,
Power.csv,2019-06-28 10:46:00,2,"348,349",True,0,,
Power.csv,2019-06-28 10:48:00,2,"351,352",True,0,,
Power.csv,2019-06-28 10:50:00,2,"354,355",True,0,,
Power.csv,2019-06-28 10:52:00,2,"357,358",True,0,,
Power.csv,2019-06-28 10:54:00,2,"360,361",True,0,,
Power.csv,2019-06-28 10:56:00,2,"363,364",True,0,,
Power.csv,2019-06-28 10:58:00,2,"366,367",True,0,,
Power.csv,2019-06-28 11:00:00,2,"369,370",True,0,,
Power.csv,2019-06-28 11:02:00,2,"372,373",True,0,,
Power.csv,2019-06-28 11:04:00,2,"375,376",True,0,,
Power.csv,2019-06-28 11:06:00,2,"378,379",True,0,,
Power.csv,2019-06-28 11:08:00,2,"381,382",True,0,,
Power.csv,2019-06-28 11:10:00,2,"384,385",True,0,,
Power.csv,2019-06-28 11:12:00,2,"387,388",True,0,,
Power.csv,2019-06-28 11:14:00,2,"390,391",True,0,,
Power.csv,2019-06-28 11:16:00,2,"393,394",True,0,,
Power.csv,2019-06-28 11:18:00,2,"396,397",True,0,,
Power.csv,2019-06-28 11:20:00,2,"399,400",True,0,,
Power.csv,2019-06-28 11:22:00,2,"402,403",True,0,,
Power.csv,2019-06-28 11:24:00,2,"405,406",True,0,,
Power.csv,2019-06-28 11:26:00,2,"408,409",True,0,,
Power.csv,2019-06-28 12:27:00,2,"412,413",True,0,,
Power.csv,2019-06-28 12:30:00,2,"416,417",True,0,,
Power.csv,2019-06-28 12:44:00,2,"424,425",True,0,,
Power.csv,2019-06-28 12:46:00,2,"427,428",True,0,,
Power.csv,2019-06-28 12:48:00,2,"430,431",True,0,,
Power.csv,2019-06-28 12:50:00,2,"433,434",True,0,,
Power.csv,2019-06-28 12:52:00,2,"436,437",True,0,,
Power.csv,2019-06-28 12:54:00,2,"439,440",True,0,,
Power.csv,2019-06-28 12:56:00,2,"442,443",True,0,,
Power.csv,2019-06-28 12:58:00,2,"445,446",True,0,,
Power.csv,2019-06-28 13:00:00,2,"448,449",True,0,,
Power.csv,2019-06-28 13:02:00,2,"451,452",True,0,,
Power.csv,2019-06-28 13:06:00,2,"455,456",True,0,,
Power.csv,2019-06-28 13:08:00,2,"458,459",True,0,,
Power.csv,2019-06-28 13:10:00,2,"461,462",True,0,,
Power.csv,2019-06-28 13:12:00,2,"464,465",True,0,,
Power.csv,2019-06-28 13:14:00,2,"467,468",True,0,,
Power.csv,2019-06-28 13:16:00,2,"470,471",True,0,,
Power.csv,2019-06-28 13:18:00,2,"473,474",True,0,,
Power.csv,2019-06-28 13:20:00,2,"476,477",True,0,,
Power.csv,2019-06-28 13:22:00,2,"479,480",True,0,,
Power.csv,2019-06-28 13:24:00,2,"482,483",True,0,,
Power.csv,2019-06-28 13:26:00,2,"485,486",True,0,,
Power.csv,2019-06-28 13:28:00,2,"488,489",True,0,,
Power.csv,2019-06-28 13:30:00,2,"491,492",True,0,,
Power.csv,2019-06-28 13:32:00,2,"494,495",True,0,,
Power.csv,2019-06-28 13:34:00,2,"497,498",True,0,,
Power.csv,2019-06-28 13:36:00,2,"500,501",True,0,,
Power.csv,2019-06-28 13:38:00,2,"503,504",True,0,,
Power.csv,2019-06-28 13:40:00,2,"506,507",True,0,,
Power.csv,2019-06-28 13:42:00,2,"509,510",True,0,,
Power.csv,2019-06-28 13:44:00,2,"512,513",True,0,,
Power.csv,2019-06-28 13:46:00,2,"515,516",True,0,,
Power.csv,2019-06-28 13:48:00,2,"518,519",True,0,,
Power.csv,2019-06-28 13:50:00,2,"521,522",True,0,,
Power.csv,2019-06-28 13:52:00,2,"524,525",True,0,,
Power.csv,2019-06-28 13:54:00,2,"527,528",True,0,,
Power.csv,2019-06-28 13:56:00,2,"530,531",True,0,,
Power.csv,2019-06-28 13:58:00,2,"533,534",True,0,,
Power.csv,2019-06-28 14:10:00,2,"538,539",True,0,,
Power.csv,2019-06-28 14:12:00,2,"541,542",True,0,,
Power.csv,2019-06-28 14:14:00,2,"544,545",True,0,,
Power.csv,2019-06-28 14:16:00,2,"547,548",True,0,,
Power.csv,2019-06-28 14:18:00,2,"550,551",True,0,,
Power.csv,2019-06-28 14:20:00,2,"553,554",True,0,,
Power.csv,2019-06-28 14:22:00,2,"556,557",True,0,,
Power.csv,2019-06-28 14:24:00,2,"559,560",True,0,,
Power.csv,2019-06-28 14:26:00,2,"562,563",True,0,,
Power.csv,2019-06-28 14:28:00,2,"565,566",True,0,,
Power.csv,2019-06-28 14:30:00,2,"568,569",True,0,,
Power.csv,2019-06-28 14:32:00,2,"571,572",True,0,,
Power.csv,2019-06-28 14:34:00,2,"574,575",True,0,,
Power.csv,2019-06-28 14:36:00,2,"577,578",True,0,,
Power.csv,2019-06-28 14:38:00,2,"580,581",True,0,,
Power.csv,2019-06-28 14:40:00,2,"583,584",True,0,,
Power.csv,2019-06-28 14:42:00,2,"586,587",True,0,,
Power.csv,2019-06-28 14:44:00,2,"589,590",True,0,,
Power.csv,2019-06-28 14:46:00,2,"592,593",True,0,,
Power.csv,2019-06-28 14:48:00,2,"595,596",True,0,,
Power.csv,2019-06-28 14:50:00,2,"598,599",True,0,,
Power.csv,2019-06-28 14:52:00,2,"601,602",True,0,,
Power.csv,2019-06-28 14:54:00,2,"604,605",True,0,,
Power.csv,2019-06-28 14:56:00,2,"607,608",True,0,,
Power.csv,2019-06-28 14:58:00,2,"610,611",True,0,,
Power.csv,2019-06-28 15:00:00,2,"613,614",True,0,,
Power.csv,2019-06-28 15:02:00,2,"616,617",True,0,,
Power.csv,2019-06-28 15:04:00,2,"619,620",True,0,,
Power.csv,2019-06-28 15:06:00,2,"622,623",True,0,,
Power.csv,2019-06-28 15:08:00,2,"625,626",True,0,,
Power.csv,2019-06-28 15:10:00,2,"628,629",True,0,,
Power.csv,2019-06-28 15:12:00,2,"631,632",True,0,,
Power.csv,2019-06-28 15:14:00,2,"634,635",True,0,,
Power.csv,2019-06-28 15:16:00,2,"637,638",True,0,,
Power.csv,2019-06-28 15:18:00,2,"640,641",True,0,,
Power.csv,2019-06-28 15:20:00,2,"643,644",True,0,,
Power.csv,2019-06-28 15:22:00,2,"646,647",True,0,,
Power.csv,2019-06-28 15:24:00,2,"649,650",True,0,,
Power.csv,2019-06-28 15:26:00,2,"652,653",True,0,,
Power.csv,2019-06-28 15:28:00,2,"655,656",True,0,,
Power.csv,2019-06-28 15:30:00,2,"658,659",True,0,,
Power.csv,2019-06-28 15:32:00,2,"661,662",True,0,,
Power.csv,2019-06-28 15:34:00,2,"664,665",True,0,,
Power.csv,2019-06-28 15:36:00,2,"667,668",True,0,,
Power.csv,2019-06-28 15:38:00,2,"670,671",True,0,,
Power.csv,2019-06-28 15:40:00,2,"673,674",True,0,,
Power.csv,2019-06-28 15:42:00,2,"676,677",True,0,,
Power.csv,2019-06-28 15:44:00,2,"679,680",True,0,,
Power.csv,2019-06-28 15:46:00,2,"682,683",True,0,,
Power.csv,2019-06-28 15:48:00,2,"685,686",True,0,,
Power.csv,2019-06-28 15:50:00,2,"688,689",True,0,,
Power.csv,2019-06-28 15:52:00,2,"691,692",True,0,,
Power.csv,2019-06-28 15:54:00,2,"694,695",True,0,,
Power.csv,2019-06-28 15:56:00,2,"697,698",True,0,,
Power.csv,2019-06-28 15:58:00,2,"700,701",True,0,,
Power.csv,2019-06-28 16:00:00,2,"703,704",True,0,,
Power.csv,2019-06-28 16:02:00,2,"706,707",True,0,,
Power.csv,2019-06-28 16:04:00,2,"709,710",True,0,,
Power.csv,2019-06-28 16:06:00,2,"712,713",True,0,,
Power.csv,2019-06-28 16:08:00,2,"715,716",True,0,,
Power.csv,2019-06-28 16:10:00,2,"718,719",True,0,,
Power.csv,2019-06-28 16:12:00,2,"721,722",True,0,,
Power.csv,2019-06-28 16:14:00,2,"724,725",True,0,,
Power.csv,2019-06-28 16:16:00,2,"727,728",True,0,,
Power.csv,2019-06-28 16:18:00,2,"730,731",True,0,,
Power.csv,2019-06-28 16:20:00,2,"733,734",True,0,,
Power.csv,2019-06-28 16:22:00,2,"736,737",True,0,,
Power.csv,2019-06-28 16:24:00,2,"739,740",True,0,,
Power.csv,2019-06-28 16:26:00,2,"742,743",True,0,,
Power.csv,2019-06-28 16:28:00,2,"745,746",True,0,,
Power.csv,2019-06-28 16:30:00,2,"748,749",True,0,,
Power.csv,2019-06-28 16:32:00,2,"751,752",True,0,,
Power.csv,2019-06-28 16:34:00,2,"754,755",True,0,,
Power.csv,2019-06-28 16:36:00,2,"757,758",True,0,,
Power.csv,2019-06-28 16:38:00,2,"760,761",True,0,,
Power.csv,2019-06-28 16:40:00,2,"763,764",True,0,,
Power.csv,2019-06-28 16:42:00,2,"766,767",True,0,,
Power.csv,2019-06-28 16:44:00,2,"769,770",True,0,,
Power.csv,2019-06-28 16:46:00,2,"772,773",True,0,,
Power.csv,2019-06-28 16:48:00,2,"775,776",True,0,,
Power.csv,2019-06-28 16:50:00,2,"778,779",True,0,,
Power.csv,2019-06-28 16:52:00,2,"781,782",True,0,,
Power.csv,2019-06-28 16:54:00,2,"784,785",True,0,,
Power.csv,2019-06-28 16:56:00,2,"787,788",True,0,,
Power.csv,2019-06-28 16:58:00,2,"790,791",True,0,,
Power.csv,2019-06-28 17:00:00,2,"793,794",True,0,,
Power.csv,2019-06-28 17:02:00,2,"796,797",True,0,,
Power.csv,2019-06-28 17:04:00,2,"799,800",True,0,,
Power.csv,2019-06-28 17:06:00,2,"802,803",True,0,,
Power.csv,2019-06-28 17:08:00,2,"805,806",True,0,,
Power.csv,2019-06-28 17:10:00,2,"808,809",True,0,,
Power.csv,2019-06-28 17:12:00,2,"811,812",True,0,,
Power.csv,2019-06-28 17:14:00,2,"814,815",True,0,,
Power.csv,2019-06-28 17:16:00,2,"817,818",True,0,,
Power.csv,2019-06-28 17:18:00,2,"820,821",True,0,,
Power.csv,2019-06-28 17:20:00,2,"823,824",True,0,,
Power.csv,2019-06-28 17:22:00,2,"826,827",True,0,,
Power.csv,2019-06-28 17:24:00,2,"829,830",True,0,,
Power.csv,2019-06-28 17:26:00,2,"832,833",True,0,,
Power.csv,2019-06-28 17:28:00,2,"835,836",True,0,,
Power.csv,2019-06-28 17:30:00,2,"838,839",True,0,,
Power.csv,2019-06-28 17:32:00,2,"841,842",True,0,,
Power.csv,2019-06-28 17:34:00,2,"844,845",True,0,,
Power.csv,2019-06-28 17:36:00,2,"847,848",True,0,,
Power.csv,2019-06-28 17:38:00,2,"850,851",True,0,,
Power.csv,2019-06-28 17:40:00,2,"853,854",True,0,,
Power.csv,2019-06-28 17:42:00,2,"856,857",True,0,,
Power.csv,2019-06-28 17:44:00,2,"859,860",True,0,,
Power.csv,2019-06-28 17:46:00,2,"862,863",True,0,,
Power.csv,2019-06-28 17:48:00,2,"865,866",True,0,,
Power.csv,2019-06-28 17:50:00,2,"868,869",True,0,,
Power.csv,2019-06-28 17:52:00,2,"871,872",True,0,,
Power.csv,2019-06-28 17:54:00,2,"874,875",True,0,,
Power.csv,2019-06-29 10:24:00,2,"877,878",True,0,,
Power.csv,2019-06-29 11:14:00,2,"883,884",True,0,,
Power.csv,2019-06-29 11:16:00,2,"886,887",True,0,,
Power.csv,2019-06-29 11:18:00,2,"889,890",True,0,,
Power.csv,2019-06-29 11:20:00,2,"892,893",True,0,,
Power.csv,2019-06-29 11:22:00,2,"895,896",True,0,,
Power.csv,2019-06-29 11:24:00,2,"898,899",True,0,,
Power.csv,2019-06-29 11:28:00,2,"901,902",True,0,,
Power.csv,2019-06-29 11:30:00,2,"904,905",True,0,,
Power.csv,2019-06-29 11:32:00,2,"907,908",True,0,,
Power.csv,2019-06-29 11:34:00,2,"910,911",True,0,,
Power.csv,2019-06-29 11:36:00,2,"913,914",True,0,,
Power.csv,2019-06-29 11:38:00,2,"916,917",True,0,,
Power.csv,2019-06-29 11:40:00,2,"919,920",True,0,,
Power.csv,2019-06-29 11:43:00,2,"921,922",True,0,,
Power.csv,2019-06-29 11:44:00,2,"923,924",True,0,,
Power.csv,2019-06-29 11:46:00,2,"926,927",True,0,,
Power.csv,2019-06-29 11:49:00,2,"930,931",True,0,,
Power.csv,2019-06-29 11:52:00,2,"932,933",True,0,,
Power.csv,2019-06-29 11:54:00,2,"935,936",True,0,,
Power.csv,2019-06-29 11:56:00,2,"938,939",True,0,,
Power.csv,2019-06-29 11:58:00,2,"941,942",True,0,,
Power.csv,2019-06-29 12:10:00,2,"947,948",True,0,,
Power.csv,2019-06-29 12:15:00,2,"951,952",True,0,,
Power.csv,2019-06-29 12:16:00,2,"953,954",True,0,,
Power.csv,2019-06-29 12:20:00,2,"956,957",True,0,,
Power.csv,2019-06-29 12:22:00,2,"959,960",True,0,,
Power.csv,2019-06-29 12:24:00,2,"962,963",True,0,,
Power.csv,2019-06-29 12:54:00,2,"968,969",True,0,,
Power.csv,2019-06-29 12:56:00,2,"971,972",True,0,,
Power.csv,2019-06-29 12:58:00,2,"974,975",True,0,,
Power.csv,2019-06-29 13:00:00,2,"977,978",True,0,,
Power.csv,2019-06-29 13:02:00,2,"980,981",True,0,,
Power.csv,2019-06-29 13:04:00,2,"983,984",True,0,,
Power.csv,2019-06-29 13:06:00,2,"986,987",True,0,,
Power.csv,2019-06-29 13:39:00,2,"997,998",True,0,,
Power.csv,2019-06-29 13:40:00,2,"999,1000",True,0,,
Power.csv,2019-06-29 13:42:00,2,"1002,1003",True,0,,
Power.csv,2019-06-29 13:44:00,2,"1005,1006",True,0,,
Power.csv,2019-06-29 13:46:00,2,"1008,1009",True,0,,
Power.csv,2019-06-29 13:48:00,2,"1011,1012",True,0,,
Power.csv,2019-06-29 13:50:00,2,"1014,1015",True,0,,
Power.csv,2019-06-29 13:52:00,2,"1017,1018",True,0,,
Power.csv,2019-06-29 13:54:00,2,"1020,1021",True,0,,
Power.csv,2019-06-29 13:56:00,2,"1023,1024",True,0,,
Power.csv,2019-06-29 13:58:00,2,"1026,1027",True,0,,
Power.csv,2019-06-29 14:00:00,2,"1029,1030",True,0,,
Power.csv,2019-06-29 14:02:00,2,"1032,1033",True,0,,
Power.csv,2019-06-29 14:04:00,2,"1035,1036",True,0,,
Power.csv,2019-06-29 14:06:00,2,"1038,1039",True,0,,
Power.csv,2019-06-29 14:08:00,2,"1041,1042",True,0,,
Power.csv,2019-06-29 14:10:00,2,"1044,1045",True,0,,
Power.csv,2019-06-29 14:12:00,2,"1047,1048",True,0,,
Power.csv,2019-06-29 14:14:00,2,"1050,1051",True,0,,
Power.csv,2019-06-29 14:16:00,2,"1053,1054",True,0,,
Power.csv,2019-06-29 14:18:00,2,"1056,1057",True,0,,
Power.csv,2019-06-29 14:20:00,2,"1059,1060",True,0,,
Power.csv,2019-06-29 14:22:00,2,"1062,1063",True,0,,
Power.csv,2019-06-29 14:24:00,2,"1065,1066",True,0,,
Power.csv,2019-06-29 14:26:00,2,"1068,1069",True,0,,
Power.csv,2019-06-29 14:28:00,2,"1071,1072",True,0,,
Power.csv,2019-06-29 14:30:00,2,"1074,1075",True,0,,
Power.csv,2019-06-29 14:32:00,2,"1077,1078",True,0,,
Power.csv,2019-06-29 14:34:00,2,"1080,1081",True,0,,
Power.csv,2019-06-29 14:36:00,2,"1083,1084",True,0,,
Power.csv,2019-06-29 14:38:00,2,"1086,1087",True,0,,
Power.csv,2019-06-29 14:40:00,2,"1089,1090",True,0,,
Power.csv,2019-06-29 14:42:00,2,"1092,1093",True,0,,
Power.csv,2019-06-29 14:44:00,2,"1095,1096",True,0,,
Power.csv,2019-06-29 14:46:00,2,"1098,1099",True,0,,
Power.csv,2019-06-29 14:48:00,2,"1101,1102",True,0,,
Power.csv,2019-06-29 14:50:00,2,"1104,1105",True,0,,
Power.csv,2019-06-29 14:52:00,2,"1107,1108",True,0,,
Power.csv,2019-06-29 14:54:00,2,"1110,1111",True,0,,
Power.csv,2019-06-29 14:56:00,2,"1113,1114",True,0,,
Power.csv,2019-06-29 14:58:00,2,"1116,1117",True,0,,
Power.csv,2019-06-29 15:00:00,2,"1119,1120",True,0,,
Power.csv,2019-06-29 15:02:00,2,"1122,1123",True,0,,
Power.csv,2019-06-29 15:04:00,2,"1125,1126",True,0,,
Power.csv,2019-06-29 15:06:00,2,"1128,1129",True,0,,
Power.csv,2019-06-29 15:08:00,2,"1131,1132",True,0,,
Power.csv,2019-06-29 15:10:00,2,"1134,1135",True,0,,
Power.csv,2019-06-29 15:12:00,2,"1137,1138",True,0,,
Power.csv,2019-06-29 15:14:00,2,"1140,1141",True,0,,
Power.csv,2019-06-29 15:16:00,2,"1143,1144",True,0,,
Power.csv,2019-06-29 15:18:00,2,"1146,1147",True,0,,
Power.csv,2019-06-29 15:20:00,2,"1149,1150",True,0,,
Power.csv,2019-06-29 15:22:00,2,"1152,1153",True,0,,
Power.csv,2019-06-29 15:24:00,2,"1155,1156",True,0,,
Power.csv,2019-06-29 15:26:00,2,"1158,1159",True,0,,
Power.csv,2019-06-29 15:28:00,2,"1161,1162",True,0,,
Power.csv,2019-06-29 15:30:00,2,"1164,1165",True,0,,
Power.csv,2019-06-29 15:32:00,2,"1167,1168",True,0,,
Power.csv,2019-06-29 15:34:00,2,"1170,1171",True,0,,
Power.csv,2019-06-29 15:36:00,2,"1173,1174",True,0,,
Power.csv,2019-06-29 15:38:00,2,"1176,1177",True,0,,
Power.csv,2019-06-29 15:40:00,2,"1179,1180",True,0,,
Power.csv,2019-06-29 15:42:00,2,"1182,1183",True,0,,
Power.csv,2019-06-29 15:44:00,2,"1185,1186",True,0,,
Power.csv,2019-06-29 15:46:00,2,"1188,1189",True,0,,
Power.csv,2019-06-29 15:48:00,2,"1191,1192",True,0,,
Power.csv,2019-06-29 15:50:00,2,"1194,1195",True,0,,
Power.csv,2019-06-29 15:52:00,2,"1197,1198",True,0,,
Power.csv,2019-06-29 15:54:00,2,"1200,1201",True,0,,
Power.csv,2019-06-29 15:56:00,2,"1203,1204",True,0,,
Power.csv,2019-06-29 15:58:00,2,"1206,1207",True,0,,
Power.csv,2019-06-29 16:00:00,2,"1209,1210",True,0,,
Power.csv,2019-06-29 16:02:00,2,"1212,1213",True,0,,
Power.csv,2019-06-29 16:04:00,2,"1215,1216",True,0,,
Power.csv,2019-06-29 16:06:00,2,"1218,1219",True,0,,
Power.csv,2019-06-29 16:08:00,2,"1221,1222",True,0,,
Power.csv,2019-06-29 16:10:00,2,"1224,1225",True,0,,
Power.csv,2019-06-29 16:12:00,2,"1227,1228",True,0,,
Power.csv,2019-06-29 16:14:00,2,"1230,1231",True,0,,
Power.csv,2019-06-29 16:16:00,2,"1233,1234",True,0,,
Power.csv,2019-06-29 16:18:00,2,"1236,1237",True,0,,
Power.csv,2019-06-29 16:20:00,2,"1239,1240",True,0,,
Power.csv,2019-06-29 16:22:00,2,"1242,1243",True,0,,
Power.csv,2019-06-29 16:24:00,2,"1245,1246",True,0,,
Power.csv,2019-06-29 16:26:00,2,"1248,1249",True,0,,
Power.csv,2019-06-29 16:28:00,2,"1251,1252",True,0,,
Power.csv,2019-06-29 16:30:00,2,"1254,1255",True,0,,
Power.csv,2019-06-29 16:32:00,2,"1257,1258",True,0,,
Power.csv,2019-06-29 16:34:00,2,"1260,1261",True,0,,
Power.csv,2019-06-29 16:36:00,2,"1263,1264",True,0,,
Power.csv,2019-06-29 16:38:00,2,"1266,1267",True,0,,
Power.csv,2019-06-29 16:40:00,2,"1269,1270",True,0,,
Power.csv,2019-06-29 16:42:00,2,"1272,1273",True,0,,
Power.csv,2019-06-29 16:44:00,2,"1275,1276",True,0,,
Power.csv,2019-06-29 16:46:00,2,"1278,1279",True,0,,
Power.csv,2019-06-29 16:48:00,2,"1281,1282",True,0,,
Power.csv,2019-06-29 16:50:00,2,"1284,1285",True,0,,
Power.csv,2019-06-29 16:52:00,2,"1287,1288",True,0,,
Power.csv,2019-06-29 16:54:00,2,"1290,1291",True,0,,
Power.csv,2019-06-29 16:56:00,2,"1293,1294",True,0,,
Power.csv,2019-06-29 16:58:00,2,"1296,1297",True,0,,
Power.csv,2019-06-29 17:00:00,2,"1299,1300",True,0,,
Power.csv,2019-06-29 17:02:00,2,"1302,1303",True,0,,
Power.csv,2019-06-29 17:04:00,2,"1305,1306",True,0,,
Power.csv,2019-06-29 17:06:00,2,"1308,1309",True,0,,
Power.csv,2019-06-29 17:08:00,2,"1311,1312",True,0,,
Power.csv,2019-06-29 17:10:00,2,"1314,1315",True,0,,
Power.csv,2019-06-29 17:12:00,2,"1317,1318",True,0,,
Power.csv,2019-06-29 17:14:00,2,"1320,1321",True,0,,
Power.csv,2019-06-29 17:16:00,2,"1323,1324",True,0,,
Power.csv,2019-07-03 12:50:00,2,"1360,1361",True,0,,
Power.csv,2019-07-08 11:47:00,2,"1657,1658",True,0,,
Power.csv,2019-07-08 12:54:00,2,"1669,1670",True,0,,
Power.csv,2019-07-08 13:26:00,2,"1672,1673",True,0,,
Power.csv,2019-07-08 14:12:00,2,"1684,1685",True,0,,
Power.csv,2019-07-08 14:14:00,2,"1687,1688",True,0,,
Power.csv,2019-07-08 14:26:00,2,"1694,1695",True,0,,
Power.csv,2019-07-08 14:28:00,2,"1697,1698",True,0,,
Power.csv,2019-08-12 19:15:00,2,"3935,3936",False,9,"WL1,WL2,WL3,VAL1,VAL2,VAL3,RVAL1,RVAL2,RVAL3",WL1=36.1..36.5;WL2=31.1..32.0;WL3=43.4..43.6;VAL1=36.1..36.5;VAL2=31.2..32.0;VAL3=43.8..44.0;RVAL1=1.8..2.0;RVAL2=2.3..2.5;RVAL3=0.0056..0.0057
Power.csv,2019-09-01 18:30:00,2,"5481,5482",False,8,"WL1,WL2,WL3,VAL1,VAL2,VAL3,RVAL1,RVAL2",WL1=38.3..40.0;WL2=24.1..24.4;WL3=29.9..30.0;VAL1=38.4..40.0;VAL2=24.2..24.5;VAL3=30.2..30.3;RVAL1=1.8..2.1;RVAL2=1.7..1.8
Power.csv,2019-09-05 11:30:00,2,"5840,5841",False,9,"WL1,WL2,WL3,VAL1,VAL2,VAL3,RVAL1,RVAL2,RVAL3",WL1=21.8..22.1;WL2=30.9..31.3;WL3=27.0..27.7;VAL1=21.9..22.2;VAL2=31.4..31.8;VAL3=27.4..28.2;RVAL1=1.7..1.8;RVAL2=5.2..5.4;RVAL3=0.005..0.0052
Power.csv,2019-09-08 16:15:00,2,"6148,6149",False,8,"WL1,WL2,WL3,VAL1,VAL2,VAL3,RVAL2,RVAL3",WL1=20.6..23.3;WL2=21.6..24.2;WL3=17.5..18.5;VAL1=20.8..23.4;VAL2=21.7..24.4;VAL3=18.0..18.9;RVAL2=2.0..2.8;RVAL3=0.0041..0.0042
Power.csv,2019-09-14 22:00:00,2,"6716,6717",False,7,"WL1,WL2,WL3,VAL1,VAL2,VAL3,RVAL3",WL1=17.2..17.4;WL2=14.3..14.4;WL3=26.4..26.6;VAL1=17.5..17.8;VAL2=14.6..14.7;VAL3=26.6..26.8;RVAL3=0.0034..0.0035
Power.csv,2019-09-17 18:30:00,2,"6991,6992",False,8,"WL1,WL2,WL3,VAL1,VAL2,VAL3,RVAL1,RVAL3",WL1=43.0..44.4;WL2=33.3..33.4;WL3=38.4..38.6;VAL1=43.4..44.9;VAL2=33.4..33.5;VAL3=38.5..38.7;RVAL1=6.0..6.3;RVAL3=0.0027..0.0028
Power.csv,2020-01-25 22:30:00,2,"14113,14114",False,9,"WL1,WL2,WL3,VAL1,VAL2,VAL3,RVAL1,RVAL2,RVAL3",WL1=21.2..21.5;WL2=7.1..7.4;WL3=15.0..17.5;VAL1=21.2..21.5;VAL2=7.4..7.8;VAL3=15.2..17.7;RVAL1=0.9..1.2;RVAL2=2.3..2.4;RVAL3=0.0025..0.0028
Power.csv,2020-03-29 16:15:00,2,"17883,17884",False,6,"WL1,WL2,VAL1,VAL2,RVAL2,RVAL3",WL1=20.9..22.4;WL2=9.9..10.3;VAL1=21.0..22.5;VAL2=10.3..10.7;RVAL2=2.7..2.8;RVAL3=0.0039..0.004
Power.csv,2020-04-12 01:30:00,2,"19117,19118",False,8,"WL1,WL2,WL3,VAL1,VAL2,VAL3,RVAL2,RVAL3",WL1=12.9..13.0;WL2=6.3..6.4;WL3=16.2..16.3;VAL1=13.0..13.1;VAL2=6.7..6.9;VAL3=16.4..16.5;RVAL2=2.3..2.4;RVAL3=0.0024..0.0025
PowerFactor.csv,2019-06-27 10:51:00,2,"6,7",False,5,"Sum_PF,FRQ,THDVL1,THDVL2,THDVL3",Sum_PF=-29.2..31.6;FRQ=49.9..50.0;THDVL1=1.6..1.7;THDVL2=1.6..1.7;THDVL3=1.0..1.6
PowerFactor.csv,2019-06-27 10:53:00,2,"9,10",False,4,"Sum_PF,THDVL1,THDVL2,THDVL3",Sum_PF=-89.0..-87.9;THDVL1=1.6..2.0;THDVL2=1.6..2.0;THDVL3=1.6..1.7
PowerFactor.csv,2019-06-27 10:56:00,2,"11,12",False,1,Sum_PF,Sum_PF=-29.0..-25.6
PowerFactor.csv,2019-06-27 11:01:00,2,"14,15",False,2,"Sum_PF,THDVL3",Sum_PF=-84.7..-30.7;THDVL3=1.7..2.0
PowerFactor.csv,2019-06-27 11:16:00,2,"19,20",False,1,Sum_PF,Sum_PF=-92.3..-86.4
PowerFactor.csv,2019-06-27 11:22:00,2,"24,25",False,4,"Sum_PF,THDVL1,THDVL2,THDVL3",Sum_PF=-90.9..-85.6;THDVL1=1.7..1.8;THDVL2=1.7..1.8;THDVL3=1.7..1.8
PowerFactor.csv,2019-06-27 11:29:00,2,"30,31",False,1,Sum_PF,Sum_PF=-90.7..-87.1
PowerFactor.csv,2019-06-27 11:40:00,2,"38,39",False,3,"Sum_PF,THDVL2,THDVL3",Sum_PF=-91.5..-26.7;THDVL2=1.2..1.6;THDVL3=1.2..1.6
PowerFactor.csv,2019-06-27 11:44:00,2,"41,42",False,4,"Sum_PF,THDVL1,THDVL2,THDVL3",Sum_PF=-88.3..-86.6;THDVL1=1.6..1.7;THDVL2=1.6..1.7;THDVL3=1.6..1.7
PowerFactor.csv,2019-06-27 11:59:00,2,"51,52",False,4,"Sum_PF,THDVL1,THDVL2,THDVL3",Sum_PF=-89.0..-27.0;THDVL1=1.7..1.8;THDVL2=1.7..1.8;THDVL3=1.7..1.8
PowerFactor.csv,2019-06-27 12:00:00,2,"53,54",False,4,"Sum_PF,THDVL1,THDVL2,THDVL3",Sum_PF=-89.7..-32.1;THDVL1=1.7..2.2;THDVL2=1.7..1.8;THDVL3=1.7..1.8
PowerFactor.csv,2019-06-27 12:02:00,2,"56,57",False,1,Sum_PF,Sum_PF=-30.9..-27.0
PowerFactor.csv,2019-06-27 12:04:00,2,"59,60",False,4,"Sum_PF,THDVL1,THDVL2,THDVL3",Sum_PF=-29.4..-29.1;THDVL1=1.8..1.9;THDVL2=1.8..1.9;THDVL3=1.8..1.9
PowerFactor.csv,2019-06-27 12:06:00,2,"62,63",False,4,"Sum_PF,THDVL1,THDVL2,THDVL3",Sum_PF=-26.9..-24.8;THDVL1=1.7..1.9;THDVL2=1.7..1.9;THDVL3=1.7..1.9
PowerFactor.csv,2019-06-27 12:11:00,2,"68,69",False,1,Sum_PF,Sum_PF=-91.7..-30.1
PowerFactor.csv,2019-06-27 12:18:00,2,"72,73",False,1,Sum_PF,Sum_PF=-89.9..-88.6
PowerFactor.csv,2019-06-27 12:23:00,2,"76,77",False,4,"Sum_PF,THDVL1,THDVL2,THDVL3",Sum_PF=-29.8..-27.9;THDVL1=1.4..1.7;THDVL2=1.4..1.7;THDVL3=1.4..1.7
PowerFactor.csv,2019-06-27 12:24:00,2,"78,79",False,4,"Sum_PF,THDVL1,THDVL2,THDVL3",Sum_PF=-90.1..-26.7;THDVL1=1.7..1.8;THDVL2=1.7..1.8;THDVL3=1.7..1.8
PowerFactor.csv,2019-06-27 12:26:00,2,"81,82",False,1,Sum_PF,Sum_PF=-85.9..-26.0
PowerFactor.csv,2019-06-27 12:28:00,2,"84,85",False,5,"Sum_PF,FRQ,THDVL1,THDVL2,THDVL3",Sum_PF=-26.1..-23.5;FRQ=49.9..50.0;THDVL1=1.7..1.8;THDVL2=1.7..1.8;THDVL3=1.7..1.8
PowerFactor.csv,2019-06-27 12:30:00,2,"87,88",False,4,"Sum_PF,THDVL1,THDVL2,THDVL3",Sum_PF=-88.1..-25.2;THDVL1=1.7..1.8;THDVL2=1.7..1.8;THDVL3=1.7..1.8
PowerFactor.csv,2019-06-27 12:32:00,2,"90,91",False,1,Sum_PF,Sum_PF=-27.6..-25.2
PowerFactor.csv,2019-06-27 12:34:00,2,"93,94",False,4,"Sum_PF,THDVL1,THDVL2,THDVL3",Sum_PF=-89.0..-26.5;THDVL1=1.7..1.8;THDVL2=1.7..1.8;THDVL3=1.7..1.8
PowerFactor.csv,2019-06-27 12:40:00,2,"97,98",False,1,Sum_PF,Sum_PF=-88.8..-27.0
PowerFactor.csv,2019-06-27 12:43:00,2,"99,100",False,2,"Sum_PF,FRQ",Sum_PF=-91.4..-88.7;FRQ=49.9..50.0
PowerFactor.csv,2019-06-27 12:45:00,2,"102,103",False,4,"Sum_PF,THDVL1,THDVL2,THDVL3",Sum_PF=-88.4..-27.6;THDVL1=1.7..1.8;THDVL2=1.7..1.8;THDVL3=1.7..1.8
PowerFactor.csv,2019-06-27 12:46:00,2,"104,105",False,1,Sum_PF,Sum_PF=-87.5..-31.3
PowerFactor.csv,2019-06-27 12:48:00,2,"107,108",False,4,"Sum_PF,THDVL1,THDVL2,THDVL3",Sum_PF=-89.8..-29.5;THDVL1=1.8..2.0;THDVL2=1.8..2.0;THDVL3=1.8..2.0
PowerFactor.csv,2019-06-27 12:50:00,2,"110,111",False,4,"Sum_PF,THDVL1,THDVL2,THDVL3",Sum_PF=-28.5..-26.3;THDVL1=1.4..1.7;THDVL2=1.4..1.7;THDVL3=1.4..1.7
PowerFactor.csv,2019-06-27 12:52:00,2,"113,114",False,4,"Sum_PF,THDVL1,THDVL2,THDVL3",Sum_PF=-28.2..-27.5;THDVL1=1.6..1.7;THDVL2=1.6..1.7;THDVL3=1.7..1.8
PowerFactor.csv,2019-06-27 12:55:00,2,"117,118",False,4,"Sum_PF,THDVL1,THDVL2,THDVL3",Sum_PF=-88.7..-31.5;THDVL1=1.7..1.8;THDVL2=1.7..1.8;THDVL3=1.7..1.8
PowerFactor.csv,2019-06-27 12:59:00,2,"120,121",False,1,Sum_PF,Sum_PF=-89.6..-88.2
PowerFactor.csv,2019-06-27 13:00:00,2,"122,123",False,5,"Sum_PF,FRQ,THDVL1,THDVL2,THDVL3",Sum_PF=-29.2..-25.6;FRQ=50.0..50.1;THDVL1=1.5..1.8;THDVL2=1.5..1.8;THDVL3=1.5..1.8
PowerFactor.csv,2019-06-27 13:05:00,2,"128,129",False,4,"Sum_PF,THDVL1,THDVL2,THDVL3",Sum_PF=-90.2..-88.2;THDVL1=1.7..1.9;THDVL2=1.7..1.9;THDVL3=1.7..1.9
PowerFactor.csv,2019-06-27 13:06:00,2,"130,131",False,1,Sum_PF,Sum_PF=-91.8..-90.1
PowerFactor.csv,2019-06-27 13:08:00,2,"133,134",False,4,"Sum_PF,THDVL1,THDVL2,THDVL3",Sum_PF=-87.4..-27.6;THDVL1=1.7..1.8;THDVL2=1.7..1.8;THDVL3=1.7..1.8
PowerFactor.csv,2019-06-27 13:11:00,2,"137,138",False,1,THDVL2,THDVL2=1.7..1.8
PowerFactor.csv,2019-06-27 13:12:00,2,"139,140",False,4,"Sum_PF,THDVL1,THDVL2,THDVL3",Sum_PF=-91.9..-87.1;THDVL1=1.7..1.8;THDVL2=1.7..1.8;THDVL3=1.7..1.8
PowerFactor.csv,2019-06-27 13:14:00,2,"142,143",False,1,Sum_PF,Sum_PF=-92.6..-28.7
PowerFactor.csv,2019-06-27 13:16:00,2,"145,146",False,4,"Sum_PF,THDVL1,THDVL2,THDVL3",Sum_PF=-88.9..-26.8;THDVL1=1.6..1.7;THDVL2=1.6..1.7;THDVL3=1.6..1.7
PowerFactor.csv,2019-06-27 13:20:00,2,"148,149",False,2,"Sum_PF,FRQ",Sum_PF=-88.0..-30.2;FRQ=49.9..50.0
PowerFactor.csv,2019-06-27 13:22:00,2,"151,152",False,4,"Sum_PF,THDVL1,THDVL2,THDVL3",Sum_PF=-25.9..-24.5;THDVL1=1.6..1.7;THDVL2=1.6..1.7;THDVL3=1.6..1.7
PowerFactor.csv,2019-06-27 13:24:00,2,"154,155",False,4,"Sum_PF,THDVL1,THDVL2,THDVL3",Sum_PF=-88.9..-30.0;THDVL1=1.6..1.7;THDVL2=1.6..1.7;THDVL3=1.6..1.7
PowerFactor.csv,2019-06-27 13:26:00,2,"157,158",False,1,Sum_PF,Sum_PF=-91.8..-90.1
PowerFactor.csv,2019-06-27 13:28:00,2,"160,161",False,4,"Sum_PF,THDVL1,THDVL2,THDVL3",Sum_PF=-28.5..-23.7;THDVL1=1.6..1.7;THDVL2=1.6..1.7;THDVL3=1.6..1.7
PowerFactor.csv,2019-06-27 13:30:00,2,"163,164",False,1,Sum_PF,Sum_PF=-92.6..-25.6
PowerFactor.csv,2019-06-27 13:32:00,2,"166,167",False,4,"Sum_PF,THDVL1,THDVL2,THDVL3",Sum_PF=-87.7..-25.6;THDVL1=0.7..1.7;THDVL2=0.7..1.6;THDVL3=0.7..1.6
PowerFactor.csv,2019-06-27 13:35:00,2,"170,171",False,1,Sum_PF,Sum_PF=-89.1..-33.5
PowerFactor.csv,2019-06-27 13:37:00,2,"173,174",False,1,Sum_PF,Sum_PF=-31.5..-28.9
PowerFactor.csv,2019-06-27 13:38:00,2,"175,176",False,1,Sum_PF,Sum_PF=-90.6..-90.1
PowerFactor.csv,2019-06-27 13:40:00,2,"178,179",False,4,"Sum_PF,THDVL1,THDVL2,THDVL3",Sum_PF=-87.6..-27.1;THDVL1=1.2..1.6;THDVL2=1.2..1.6;THDVL3=1.2..1.6
PowerFactor.csv,2019-06-27 13:45:00,2,"182,183",False,2,"Sum_PF,THDVL3",Sum_PF=-86.7..-28.7;THDVL3=1.7..2.0
PowerFactor.csv,2019-06-27 13:46:00,2,"184,185",False,4,"Sum_PF,THDVL1,THDVL2,THDVL3",Sum_PF=-26.2..-24.6;THDVL1=1.6..1.8;THDVL2=1.6..1.8;THDVL3=1.6..1.8
PowerFactor.csv,2019-06-27 13:49:00,2,"188,189",False,4,"Sum_PF,THDVL1,THDVL2,THDVL3",Sum_PF=-88.2..-87.1;THDVL1=1.6..1.7;THDVL2=1.6..1.7;THDVL3=1.6..1.7
PowerFactor.csv,2019-06-27 13:51:00,2,"191,192",False,4,"Sum_PF,THDVL1,THDVL2,THDVL3",Sum_PF=-92.0..-89.7;THDVL1=1.6..1.7;THDVL2=1.6..1.7;THDVL3=1.6..1.7
PowerFactor.csv,2019-06-27 13:52:00,2,"193,194",False,4,"Sum_PF,THDVL1,THDVL2,THDVL3",Sum_PF=-89.7..-86.3;THDVL1=1.6..2.7;THDVL2=1.6..2.7;THDVL3=1.6..2.7
PowerFactor.csv,2019-06-27 13:54:00,2,"196,197",False,1,Sum_PF,Sum_PF=-90.6..-87.3
PowerFactor.csv,2019-06-27 13:56:00,2,"199,200",False,1,Sum_PF,Sum_PF=-91.5..-85.5
PowerFactor.csv,2019-06-27 13:58:00,2,"202,203",False,1,Sum_PF,Sum_PF=-87.5..-31.6
PowerFactor.csv,2019-06-27 14:01:00,2,"206,207",False,1,Sum_PF,Sum_PF=-93.3..-85.5
PowerFactor.csv,2019-06-27 14:02:00,2,"208,209",False,4,"Sum_PF,THDVL1,THDVL2,THDVL3",Sum_PF=-90.2..-88.1;THDVL1=1.5..1.7;THDVL2=1.5..1.7;THDVL3=1.5..1.7
PowerFactor.csv,2019-06-27 14:04:00,2,"211,212",False,1,Sum_PF,Sum_PF=-90.6..-32.0
PowerFactor.csv,2019-06-27 14:06:00,2,"214,215",False,1,Sum_PF,Sum_PF=-87.0..-29.7
PowerFactor.csv,2019-06-27 14:09:00,2,"218,219",False,2,"Sum_PF,FRQ",Sum_PF=-31.5..-28.9;FRQ=49.9..50.0
PowerFactor.csv,2019-06-27 14:10:00,2,"220,221",False,4,"Sum_PF,THDVL1,THDVL2,THDVL3",Sum_PF=-91.5..-26.3;THDVL1=1.7..2.0;THDVL2=1.7..2.0;THDVL3=1.7..2.0
PowerFactor.csv,2019-06-27 14:13:00,2,"224,225",False,1,Sum_PF,Sum_PF=-90.7..-33.2
PowerFactor.csv,2019-06-27 14:14:00,2,"226,227",False,4,"Sum_PF,THDVL1,THDVL2,THDVL3",Sum_PF=-89.9..-25.4;THDVL1=1.6..1.7;THDVL2=1.6..1.7;THDVL3=1.6..1.7
PowerFactor.csv,2019-06-27 14:17:00,2,"230,231",False,4,"Sum_PF,THDVL1,THDVL2,THDVL3",Sum_PF=-26.3..-25.7;THDVL1=1.6..1.7;THDVL2=1.6..1.7;THDVL3=1.6..1.7
PowerFactor.csv,2019-06-27 14:19:00,2,"233,234",False,1,Sum_PF,Sum_PF=-91.7..-90.6
PowerFactor.csv,2019-06-27 14:20:00,2,"235,236",False,1,Sum_PF,Sum_PF=-87.8..-27.2
PowerFactor.csv,2019-06-27 14:22:00,2,"238,239",False,4,"Sum_PF,THDVL1,THDVL2,THDVL3",Sum_PF=-93.8..-32.3;THDVL1=1.7..2.0;THDVL2=1.7..1.8;THDVL3=1.8..2.0
PowerFactor.csv,2019-06-27 14:27:00,2,"244,245",False,3,"Sum_PF,THDVL2,THDVL3",Sum_PF=-84.1..-28.9;THDVL2=1.6..1.7;THDVL3=1.6..1.7
PowerFactor.csv,2019-06-27 14:28:00,2,"246,247",False,4,"Sum_PF,THDVL1,THDVL2,THDVL3",Sum_PF=-88.1..-87.5;THDVL1=1.7..1.9;THDVL2=1.7..1.9;THDVL3=1.7..1.9
PowerFactor.csv,2019-06-27 14:30:00,2,"249,250",False,4,"Sum_PF,THDVL1,THDVL2,THDVL3",Sum_PF=-89.2..-26.8;THDVL1=1.6..1.7;THDVL2=1.6..1.7;THDVL3=1.6..1.7
PowerFactor.csv,2019-06-27 14:32:00,2,"252,253",False,2,"Sum_PF,THDVL3",Sum_PF=-89.5..-24.5;THDVL3=1.5..1.6
PowerFactor.csv,2019-06-27 14:35:00,2,"256,257",False,2,"Sum_PF,FRQ",Sum_PF=-89.1..-32.0;FRQ=49.9..50.0
PowerFactor.csv,2019-06-27 14:36:00,2,"258,259",False,4,"Sum_PF,THDVL1,THDVL2,THDVL3",Sum_PF=-85.3..-25.3;THDVL1=1.7..1.8;THDVL2=1.7..1.8;THDVL3=1.7..1.8
PowerFactor.csv,2019-06-27 14:38:00,2,"261,262",False,1,Sum_PF,Sum_PF=-89.8..-85.6
PowerFactor.csv,2019-06-27 14:40:00,2,"264,265",False,5,"Sum_PF,FRQ,THDVL1,THDVL2,THDVL3",Sum_PF=-92.9..-30.9;FRQ=49.9..50.0;THDVL1=1.6..2.0;THDVL2=1.6..1.8;THDVL3=1.6..1.8
PowerFactor.csv,2019-06-27 14:46:00,2,"270,271",False,3,"Sum_PF,THDVL2,THDVL3",Sum_PF=-29.8..-27.6;THDVL2=1.7..1.8;THDVL3=1.7..1.8
PowerFactor.csv,2019-06-27 14:50:00,2,"273,274",False,4,"Sum_PF,THDVL1,THDVL2,THDVL3",Sum_PF=-30.6..-25.9;THDVL1=1.6..1.7;THDVL2=1.6..1.7;THDVL3=1.3..1.7
PowerFactor.csv,2019-06-27 14:53:00,2,"277,278",False,4,"Sum_PF,THDVL1,THDVL2,THDVL3",Sum_PF=-82.4..-30.1;THDVL1=1.7..1.8;THDVL2=1.7..1.8;THDVL3=1.7..1.8
PowerFactor.csv,2019-06-27 14:54:00,2,"279,280",False,5,"Sum_PF,FRQ,THDVL1,THDVL2,THDVL3",Sum_PF=-26.0..-23.6;FRQ=49.9..50.0;THDVL1=1.5..1.7;THDVL2=1.5..1.7;THDVL3=1.5..1.7
PowerFactor.csv,2019-06-27 14:58:00,2,"284,285",False,5,"Sum_PF,FRQ,THDVL1,THDVL2,THDVL3",Sum_PF=-82.2..-28.4;FRQ=49.9..50.0;THDVL1=1.7..1.8;THDVL2=1.7..1.8;THDVL3=1.7..1.8
PowerFactor.csv,2019-06-27 15:03:00,2,"288,289",False,4,"Sum_PF,THDVL1,THDVL2,THDVL3",Sum_PF=-90.8..-25.3;THDVL1=1.6..1.7;THDVL2=1.6..1.7;THDVL3=1.6..1.7
PowerFactor.csv,2019-06-27 15:04:00,2,"290,291",False,4,"Sum_PF,THDVL1,THDVL2,THDVL3",Sum_PF=-87.6..-86.0;THDVL1=1.7..1.8;THDVL2=1.7..1.8;THDVL3=1.7..1.8
PowerFactor.csv,2019-06-27 15:08:00,2,"294,295",False,4,"Sum_PF,THDVL1,THDVL2,THDVL3",Sum_PF=-89.8..-89.0;THDVL1=1.0..1.7;THDVL2=1.0..1.7;THDVL3=1.0..1.7
PowerFactor.csv,2019-06-27 15:13:00,2,"298,299",False,4,"Sum_PF,THDVL1,THDVL2,THDVL3",Sum_PF=-90.6..-88.0;THDVL1=1.6..1.7;THDVL2=1.6..1.7;THDVL3=1.6..1.7
PowerFactor.csv,2019-06-27 15:15:00,2,"301,302",False,4,"Sum_PF,THDVL1,THDVL2,THDVL3",Sum_PF=-84.9..-27.9;THDVL1=1.7..1.8;THDVL2=1.7..1.8;THDVL3=1.7..1.8
PowerFactor.csv,2019-06-27 15:22:00,2,"307,308",False,1,Sum_PF,Sum_PF=-87.0..-27.5
PowerFactor.csv,2019-06-27 15:24:00,2,"310,311",False,1,Sum_PF,Sum_PF=-90.2..-89.3
PowerFactor.csv,2019-06-27 15:26:00,2,"313,314",False,4,"Sum_PF,THDVL1,THDVL2,THDVL3",Sum_PF=-90.1..-88.9;THDVL1=1.7..1.8;THDVL2=1.7..1.8;THDVL3=1.7..1.8
PowerFactor.csv,2019-06-27 15:28:00,2,"316,317",False,4,"Sum_PF,THDVL1,THDVL2,THDVL3",Sum_PF=-87.8..-30.3;THDVL1=1.7..1.8;THDVL2=1.7..1.8;THDVL3=1.7..1.8
PowerFactor.csv,2019-06-27 15:30:00,2,"319,320",False,4,"Sum_PF,THDVL1,THDVL2,THDVL3",Sum_PF=-25.2..-24.1;THDVL1=1.7..1.8;THDVL2=1.7..1.8;THDVL3=1.7..1.8
PowerFactor.csv,2019-06-27 15:33:00,2,"323,324",False,1,Sum_PF,Sum_PF=-88.0..-87.0
PowerFactor.csv,2019-06-27 15:34:00,2,"325,326",False,4,"Sum_PF,THDVL1,THDVL2,THDVL3",Sum_PF=-31.3..-29.0;THDVL1=1.7..1.8;THDVL2=1.7..1.8;THDVL3=1.7..1.8
PowerFactor.csv,2019-06-27 15:37:00,2,"329,330",False,1,Sum_PF,Sum_PF=-92.7..-88.6
PowerFactor.csv,2019-06-27 15:38:00,2,"331,332",False,4,"Sum_PF,THDVL1,THDVL2,THDVL3",Sum_PF=-31.7..-28.7;THDVL1=1.8..2.2;THDVL2=1.8..2.2;THDVL3=1.8..2.2
PowerFactor.csv,2019-06-27 15:41:00,2,"335,336",False,4,"Sum_PF,THDVL1,THDVL2,THDVL3",Sum_PF=-88.1..-86.8;THDVL1=1.7..1.8;THDVL2=1.7..1.8;THDVL3=1.7..1.8
PowerFactor.csv,2019-06-28 10:46:00,2,"341,342",False,4,"Sum_PF,THDVL1,THDVL2,THDVL3",Sum_PF=-90.6..-26.4;THDVL1=1.7..1.8;THDVL2=1.7..1.8;THDVL3=1.7..1.8
PowerFactor.csv,2019-06-28 10:48:00,2,"344,345",False,1,Sum_PF,Sum_PF=-88.1..-31.5
PowerFactor.csv,2019-06-28 10:50:00,2,"347,348",False,5,"Sum_PF,FRQ,THDVL1,THDVL2,THDVL3",Sum_PF=-26.6..-24.5;FRQ=49.9..50.0;THDVL1=1.7..1.8;THDVL2=1.7..1.8;THDVL3=1.7..1.8
PowerFactor.csv,2019-06-28 10:52:00,2,"350,351",False,1,Sum_PF,Sum_PF=-95.3..-91.1
PowerFactor.csv,2019-06-28 10:55:00,2,"354,355",False,4,"Sum_PF,THDVL1,THDVL2,THDVL3",Sum_PF=-28.4..-26.6;THDVL1=1.7..1.8;THDVL2=1.7..1.8;THDVL3=1.7..1.8
PowerFactor.csv,2019-06-28 10:56:00,2,"356,357",False,1,Sum_PF,Sum_PF=-30.3..-28.6
PowerFactor.csv,2019-06-28 10:58:00,2,"359,360",False,4,"Sum_PF,THDVL1,THDVL2,THDVL3",Sum_PF=-90.8..-87.8;THDVL1=1.7..1.8;THDVL2=1.7..1.8;THDVL3=1.7..1.8
PowerFactor.csv,2019-06-28 11:00:00,2,"362,363",False,1,Sum_PF,Sum_PF=-31.0..-29.2
PowerFactor.csv,2019-06-28 11:02:00,2,"365,366",False,1,Sum_PF,Sum_PF=-89.7..-87.9
PowerFactor.csv,2019-06-28 11:04:00,2,"368,369",False,4,"Sum_PF,THDVL1,THDVL2,THDVL3",Sum_PF=-92.2..-22.9;THDVL1=1.7..1.9;THDVL2=1.7..1.9;THDVL3=1.7..1.9
PowerFactor.csv,2019-06-28 11:06:00,2,"371,372",False,1,Sum_PF,Sum_PF=-31.0..-26.9
PowerFactor.csv,2019-06-28 11:08:00,2,"374,375",False,5,"Sum_PF,FRQ,THDVL1,THDVL2,THDVL3",Sum_PF=-88.7..-26.8;FRQ=49.9..50.0;THDVL1=1.7..1.9;THDVL2=1.7..1.9;THDVL3=1.7..1.9
PowerFactor.csv,2019-06-28 11:10:00,2,"377,378",False,1,Sum_PF,Sum_PF=-87.5..-29.0
PowerFactor.csv,2019-06-28 11:12:00,2,"380,381",False,4,"Sum_PF,THDVL1,THDVL2,THDVL3",Sum_PF=-29.0..-27.3;THDVL1=1.7..1.9;THDVL2=1.7..1.9;THDVL3=1.7..1.9
PowerFactor.csv,2019-06-28 11:14:00,2,"383,384",False,1,Sum_PF,Sum_PF=-87.9..-27.1
PowerFactor.csv,2019-06-28 11:16:00,2,"386,387",False,4,"Sum_PF,THDVL1,THDVL2,THDVL3",Sum_PF=-86.3..-29.1;THDVL1=1.7..2.1;THDVL2=1.7..2.1;THDVL3=1.7..2.1
PowerFactor.csv,2019-06-28 11:18:00,2,"389,390",False,4,"Sum_PF,THDVL1,THDVL2,THDVL3",Sum_PF=-32.8..-29.5;THDVL1=1.0..1.8;THDVL2=1.1..1.8;THDVL3=1.1..1.8
PowerFactor.csv,2019-06-28 11:20:00,2,"392,393",False,1,Sum_PF,Sum_PF=-88.4..-28.0
PowerFactor.csv,2019-06-28 11:22:00,2,"395,396",False,4,"Sum_PF,THDVL1,THDVL2,THDVL3",Sum_PF=-30.8..-25.5;THDVL1=1.7..1.8;THDVL2=1.7..1.8;THDVL3=1.7..1.8
PowerFactor.csv,2019-06-28 11:24:00,2,"398,399",False,3,"Sum_PF,THDVL2,THDVL3",Sum_PF=-92.4..-30.2;THDVL2=1.4..1.8;THDVL3=1.4..1.8
PowerFactor.csv,2019-06-28 11:26:00,2,"401,402",False,4,"Sum_PF,THDVL1,THDVL2,THDVL3",Sum_PF=-91.5..-90.4;THDVL1=1.9..2.3;THDVL2=1.9..2.3;THDVL3=1.9..2.3
PowerFactor.csv,2019-06-28 12:27:00,2,"405,406",False,4,"Sum_PF,THDVL1,THDVL2,THDVL3",Sum_PF=-89.0..-29.5;THDVL1=1.9..2.0;THDVL2=1.9..2.0;THDVL3=1.9..2.0
PowerFactor.csv,2019-06-28 12:30:00,2,"409,410",False,4,"Sum_PF,THDVL1,THDVL2,THDVL3",Sum_PF=-27.2..-26.6;THDVL1=1.8..2.0;THDVL2=1.8..2.0;THDVL3=1.8..2.0
PowerFactor.csv,2019-06-28 12:44:00,2,"417,418",False,4,"Sum_PF,THDVL1,THDVL2,THDVL3",Sum_PF=-30.8..-28.0;THDVL1=1.8..1.9;THDVL2=1.8..1.9;THDVL3=1.8..1.9
PowerFactor.csv,2019-06-28 12:46:00,2,"420,421",False,1,Sum_PF,Sum_PF=-90.6..-88.8
PowerFactor.csv,2019-06-28 12:48:00,2,"423,424",False,4,"Sum_PF,THDVL1,THDVL2,THDVL3",Sum_PF=-92.3..-29.1;THDVL1=1.6..1.9;THDVL2=1.6..1.9;THDVL3=1.8..1.9
PowerFactor.csv,2019-06-28 12:50:00,2,"426,427",False,3,"Sum_PF,THDVL1,THDVL2",Sum_PF=-86.6..-84.8;THDVL1=1.9..2.0;THDVL2=1.9..2.0
PowerFactor.csv,2019-06-28 12:52:00,2,"429,430",False,1,Sum_PF,Sum_PF=-84.7..-24.8
PowerFactor.csv,2019-06-28 12:54:00,2,"432,433",False,4,"Sum_PF,THDVL1,THDVL2,THDVL3",Sum_PF=-88.0..-87.9;THDVL1=1.9..2.1;THDVL2=1.9..2.1;THDVL3=1.9..2.1
PowerFactor.csv,2019-06-28 12:56:00,2,"435,436",False,4,"Sum_PF,THDVL1,THDVL2,THDVL3",Sum_PF=-86.9..-85.1;THDVL1=1.8..1.9;THDVL2=1.8..1.9;THDVL3=1.8..1.9
PowerFactor.csv,2019-06-28 12:58:00,2,"438,439",False,1,Sum_PF,Sum_PF=-86.5..-24.8
PowerFactor.csv,2019-06-28 13:00:00,2,"441,442",False,3,"Sum_PF,FRQ,THDVL3",Sum_PF=-87.0..-24.9;FRQ=50.0..50.1;THDVL3=1.9..2.0
PowerFactor.csv,2019-06-28 13:02:00,2,"444,445",False,1,Sum_PF,Sum_PF=-29.5..-27.0
PowerFactor.csv,2019-06-28 13:06:00,2,"448,449",False,4,"Sum_PF,THDVL1,THDVL2,THDVL3",Sum_PF=-87.7..-23.7;THDVL1=1.8..1.9;THDVL2=1.8..1.9;THDVL3=1.8..1.9
PowerFactor.csv,2019-06-28 13:08:00,2,"451,452",False,1,Sum_PF,Sum_PF=-24.8..-22.8
PowerFactor.csv,2019-06-28 13:11:00,2,"455,456",False,4,"Sum_PF,THDVL1,THDVL2,THDVL3",Sum_PF=-88.9..-31.5;THDVL1=1.8..1.9;THDVL2=1.8..1.9;THDVL3=1.8..1.9
PowerFactor.csv,2019-06-28 13:12:00,2,"457,458",False,4,"Sum_PF,THDVL1,THDVL2,THDVL3",Sum_PF=-92.5..-91.3;THDVL1=1.8..1.9;THDVL2=1.8..1.9;THDVL3=1.8..1.9
PowerFactor.csv,2019-06-28 13:14:00,2,"460,461",False,4,"Sum_PF,THDVL1,THDVL2,THDVL3",Sum_PF=-91.1..-88.8;THDVL1=1.8..1.9;THDVL2=1.8..1.9;THDVL3=1.8..1.9
PowerFactor.csv,2019-06-28 13:16:00,2,"463,464",False,2,"Sum_PF,THDVL1",Sum_PF=-90.5..-89.0;THDVL1=1.8..1.9
PowerFactor.csv,2019-06-28 13:18:00,2,"466,467",False,1,Sum_PF,Sum_PF=-30.3..-28.4
PowerFactor.csv,2019-06-28 13:20:00,2,"469,470",False,3,"Sum_PF,THDVL2,THDVL3",Sum_PF=-90.9..-86.5;THDVL2=1.8..1.9;THDVL3=1.8..1.9
PowerFactor.csv,2019-06-28 13:22:00,2,"472,473",False,4,"Sum_PF,THDVL1,THDVL2,THDVL3",Sum_PF=-89.2..-32.3;THDVL1=1.8..1.9;THDVL2=1.8..1.9;THDVL3=1.8..1.9
PowerFactor.csv,2019-06-28 13:24:00,2,"475,476",False,4,"Sum_PF,THDVL1,THDVL2,THDVL3",Sum_PF=-88.6..33.3;THDVL1=1.7..1.8;THDVL2=1.7..1.8;THDVL3=1.7..1.8
PowerFactor.csv,2019-06-28 13:26:00,2,"478,479",False,4,"Sum_PF,THDVL1,THDVL2,THDVL3",Sum_PF=-88.1..-29.8;THDVL1=1.8..1.9;THDVL2=1.8..1.9;THDVL3=1.8..1.9
PowerFactor.csv,2019-06-28 13:28:00,2,"481,482",False,3,"Sum_PF,THDVL2,THDVL3",Sum_PF=-89.9..-26.7;THDVL2=1.8..1.9;THDVL3=1.8..1.9
PowerFactor.csv,2019-06-28 13:30:00,2,"484,485",False,2,"Sum_PF,THDVL2",Sum_PF=-85.6..-27.5;THDVL2=1.8..1.9
PowerFactor.csv,2019-06-28 13:32:00,2,"487,488",False,1,Sum_PF,Sum_PF=-87.4..-84.1
PowerFactor.csv,2019-06-28 13:34:00,2,"490,491",False,1,Sum_PF,Sum_PF=-31.1..-26.9
PowerFactor.csv,2019-06-28 13:36:00,2,"493,494",False,4,"Sum_PF,THDVL1,THDVL2,THDVL3",Sum_PF=-91.9..-30.3;THDVL1=1.9..2.4;THDVL2=1.9..2.4;THDVL3=1.9..2.4
PowerFactor.csv,2019-06-28 13:38:00,2,"496,497",False,1,Sum_PF,Sum_PF=-91.6..-28.5
PowerFactor.csv,2019-06-28 13:40:00,2,"499,500",False,1,Sum_PF,Sum_PF=-88.2..-33.3
PowerFactor.csv,2019-06-28 13:42:00,2,"502,503",False,4,"Sum_PF,THDVL1,THDVL2,THDVL3",Sum_PF=-30.5..-29.9;THDVL1=1.8..1.9;THDVL2=1.8..1.9;THDVL3=1.8..1.9
PowerFactor.csv,2019-06-28 13:44:00,2,"505,506",False,4,"Sum_PF,THDVL1,THDVL2,THDVL3",Sum_PF=-89.0..-85.3;THDVL1=1.7..1.9;THDVL2=1.7..1.9;THDVL3=1.7..1.9
PowerFactor.csv,2019-06-28 13:46:00,2,"508,509",False,1,Sum_PF,Sum_PF=-84.1..-31.7
PowerFactor.csv,2019-06-28 13:48:00,2,"511,512",False,4,"Sum_PF,THDVL1,THDVL2,THDVL3",Sum_PF=-86.4..-24.0;THDVL1=1.7..1.9;THDVL2=1.7..1.9;THDVL3=1.7..1.9
PowerFactor.csv,2019-06-28 13:50:00,2,"514,515",False,1,Sum_PF,Sum_PF=-31.0..-28.0
PowerFactor.csv,2019-06-28 13:52:00,2,"517,518",False,1,Sum_PF,Sum_PF=-91.6..-88.1
PowerFactor.csv,2019-06-28 13:54:00,2,"520,521",False,1,Sum_PF,Sum_PF=-87.4..-83.9
PowerFactor.csv,2019-06-28 13:56:00,2,"523,524",False,4,"Sum_PF,THDVL1,THDVL2,THDVL3",Sum_PF=-86.9..-30.3;THDVL1=1.8..1.9;THDVL2=1.8..1.9;THDVL3=1.8..1.9
PowerFactor.csv,2019-06-28 13:58:00,2,"526,527",False,4,"Sum_PF,THDVL1,THDVL2,THDVL3",Sum_PF=-92.6..-28.8;THDVL1=1.8..1.9;THDVL2=1.8..1.9;THDVL3=1.8..1.9
PowerFactor.csv,2019-06-28 14:10:00,2,"531,532",False,4,"Sum_PF,THDVL1,THDVL2,THDVL3",Sum_PF=-27.5..-26.3;THDVL1=1.9..2.0;THDVL2=1.9..2.0;THDVL3=1.9..2.0
PowerFactor.csv,2019-06-28 14:12:00,2,"534,535",False,4,"Sum_PF,THDVL1,THDVL2,THDVL3",Sum_PF=-31.0..-29.2;THDVL1=1.9..2.0;THDVL2=1.9..2.0;THDVL3=1.9..2.0
PowerFactor.csv,2019-06-28 14:14:00,2,"537,538",False,4,"Sum_PF,THDVL1,THDVL2,THDVL3",Sum_PF=-90.1..-27.8;THDVL1=1.9..2.0;THDVL2=1.9..2.0;THDVL3=1.8..1.9
PowerFactor.csv,2019-06-28 14:16:00,2,"540,541",False,4,"Sum_PF,THDVL1,THDVL2,THDVL3",Sum_PF=-28.1..-24.4;THDVL1=1.8..1.9;THDVL2=1.8..1.9;THDVL3=1.8..1.9
PowerFactor.csv,2019-06-28 14:18:00,2,"543,544",False,2,"Sum_PF,THDVL1",Sum_PF=-90.0..-88.5;THDVL1=1.5..1.8
PowerFactor.csv,2019-06-28 14:20:00,2,"546,547",False,4,"Sum_PF,THDVL1,THDVL2,THDVL3",Sum_PF=-88.9..-30.2;THDVL1=1.9..2.0;THDVL2=1.9..2.0;THDVL3=1.9..2.0
PowerFactor.csv,2019-06-28 14:22:00,2,"549,550",False,1,Sum_PF,Sum_PF=-36.1..-28.4
PowerFactor.csv,2019-06-28 14:24:00,2,"552,553",False,4,"Sum_PF,THDVL1,THDVL2,THDVL3",Sum_PF=-88.2..-24.6;THDVL1=1.9..2.0;THDVL2=1.9..2.0;THDVL3=1.9..2.0
PowerFactor.csv,2019-06-28 14:26:00,2,"555,556",False,1,Sum_PF,Sum_PF=-87.5..-30.2
PowerFactor.csv,2019-06-28 14:28:00,2,"558,559",False,4,"Sum_PF,THDVL1,THDVL2,THDVL3",Sum_PF=-90.0..-29.3;THDVL1=1.9..2.0;THDVL2=1.9..2.0;THDVL3=1.9..2.0
PowerFactor.csv,2019-06-28 14:30:00,2,"561,562",False,4,"Sum_PF,THDVL1,THDVL2,THDVL3",Sum_PF=-29.3..-28.9;THDVL1=0.5..1.9;THDVL2=0.5..1.9;THDVL3=1.9..2.1
PowerFactor.csv,2019-06-28 14:32:00,2,"564,565",False,1,Sum_PF,Sum_PF=-88.4..-29.2
PowerFactor.csv,2019-06-28 14:34:00,2,"567,568",False,4,"Sum_PF,THDVL1,THDVL2,THDVL3",Sum_PF=-93.5..-89.4;THDVL1=1.9..2.0;THDVL2=1.9..2.0;THDVL3=1.9..2.0
PowerFactor.csv,2019-06-28 14:36:00,2,"570,571",False,2,"Sum_PF,THDVL1",Sum_PF=-27.4..-25.9;THDVL1=1.8..1.9
PowerFactor.csv,2019-06-28 14:38:00,2,"573,574",False,2,"Sum_PF,FRQ",Sum_PF=-88.0..-29.8;FRQ=49.9..50.0
PowerFactor.csv,2019-06-28 14:40:00,2,"576,577",False,1,Sum_PF,Sum_PF=-89.1..-33.7
PowerFactor.csv,2019-06-28 14:42:00,2,"579,580",False,4,"Sum_PF,THDVL1,THDVL2,THDVL3",Sum_PF=-88.3..-24.2;THDVL1=1.9..2.0;THDVL2=1.9..2.0;THDVL3=1.9..2.0
PowerFactor.csv,2019-06-28 14:44:00,2,"582,583",False,5,"Sum_PF,FRQ,THDVL1,THDVL2,THDVL3",Sum_PF=-85.8..-26.7;FRQ=49.9..50.0;THDVL1=1.8..2.0;THDVL2=1.8..2.0;THDVL3=1.8..2.0
PowerFactor.csv,2019-06-28 14:46:00,2,"585,586",False,5,"Sum_PF,FRQ,THDVL1,THDVL2,THDVL3",Sum_PF=-89.6..-85.1;FRQ=49.9..50.0;THDVL1=1.9..2.0;THDVL2=1.9..2.0;THDVL3=1.9..2.0
PowerFactor.csv,2019-06-28 14:48:00,2,"588,589",False,1,Sum_PF,Sum_PF=-83.5..-26.6
PowerFactor.csv,2019-06-28 14:50:00,2,"591,592",False,1,Sum_PF,Sum_PF=-89.8..-89.3
PowerFactor.csv,2019-06-28 14:52:00,2,"594,595",False,1,Sum_PF,Sum_PF=-88.2..-86.6
PowerFactor.csv,2019-06-28 14:54:00,2,"597,598",False,4,"Sum_PF,THDVL1,THDVL2,THDVL3",Sum_PF=-27.9..-26.6;THDVL1=1.9..2.0;THDVL2=1.9..2.0;THDVL3=1.9..2.0
PowerFactor.csv,2019-06-28 14:56:00,2,"600,601",False,3,"Sum_PF,THDVL1,THDVL3",Sum_PF=-87.0..-32.3;THDVL1=1.9..2.0;THDVL3=1.9..2.0
PowerFactor.csv,2019-06-28 14:58:00,2,"603,604",False,1,Sum_PF,Sum_PF=-93.8..-29.9
PowerFactor.csv,2019-06-28 15:00:00,2,"606,607",False,1,Sum_PF,Sum_PF=-89.4..-29.3
PowerFactor.csv,2019-06-28 15:02:00,2,"609,610",False,4,"Sum_PF,THDVL1,THDVL2,THDVL3",Sum_PF=-88.8..-27.6;THDVL1=1.9..2.0;THDVL2=1.9..2.0;THDVL3=1.5..2.0
PowerFactor.csv,2019-06-28 15:04:00,2,"612,613",False,2,"Sum_PF,THDVL3",Sum_PF=-93.4..-88.9;THDVL3=1.9..2.0
PowerFactor.csv,2019-06-28 15:06:00,2,"615,616",False,1,Sum_PF,Sum_PF=-88.6..-27.7
PowerFactor.csv,2019-06-28 15:08:00,2,"618,619",False,4,"Sum_PF,THDVL1,THDVL2,THDVL3",Sum_PF=-89.7..-88.2;THDVL1=1.9..2.0;THDVL2=1.9..2.0;THDVL3=1.9..2.0
PowerFactor.csv,2019-06-28 15:10:00,2,"621,622",False,3,"Sum_PF,THDVL1,THDVL2",Sum_PF=-33.2..-31.5;THDVL1=1.9..2.0;THDVL2=1.9..2.0
PowerFactor.csv,2019-06-28 15:12:00,2,"624,625",False,4,"Sum_PF,THDVL1,THDVL2,THDVL3",Sum_PF=-90.1..-89.1;THDVL1=1.9..2.0;THDVL2=1.9..2.0;THDVL3=1.9..2.0
PowerFactor.csv,2019-06-28 15:14:00,2,"627,628",False,4,"Sum_PF,THDVL1,THDVL2,THDVL3",Sum_PF=-92.9..-28.0;THDVL1=1.5..2.0;THDVL2=1.5..2.0;THDVL3=1.6..2.0
PowerFactor.csv,2019-06-28 15:16:00,2,"630,631",False,4,"Sum_PF,THDVL1,THDVL2,THDVL3",Sum_PF=-90.3..-86.1;THDVL1=1.9..2.0;THDVL2=1.9..2.3;THDVL3=1.9..2.2
PowerFactor.csv,2019-06-28 15:18:00,2,"633,634",False,4,"Sum_PF,THDVL1,THDVL2,THDVL3",Sum_PF=-90.3..-85.5;THDVL1=2.0..2.2;THDVL2=2.0..2.2;THDVL3=2.0..2.2
PowerFactor.csv,2019-06-28 15:20:00,2,"636,637",False,3,"Sum_PF,THDVL1,THDVL2",Sum_PF=-88.3..-24.6;THDVL1=1.7..2.0;THDVL2=1.7..2.0
PowerFactor.csv,2019-06-28 15:22:00,2,"639,640",False,3,"Sum_PF,FRQ,THDVL1",Sum_PF=-88.7..-28.5;FRQ=50.0..50.1;THDVL1=1.6..2.0
PowerFactor.csv,2019-06-28 15:24:00,2,"642,643",False,1,Sum_PF,Sum_PF=-89.8..-85.8
PowerFactor.csv,2019-06-28 15:26:00,2,"645,646",False,5,"Sum_PF,FRQ,THDVL1,THDVL2,THDVL3",Sum_PF=-26.4..-25.1;FRQ=49.9..50.0;THDVL1=1.9..2.0;THDVL2=1.9..2.0;THDVL3=1.9..2.0
PowerFactor.csv,2019-06-28 15:28:00,2,"648,649",False,1,Sum_PF,Sum_PF=-87.9..-29.1
PowerFactor.csv,2019-06-28 15:30:00,2,"651,652",False,1,Sum_PF,Sum_PF=-92.1..-90.2
PowerFactor.csv,2019-06-28 15:32:00,2,"654,655",False,1,Sum_PF,Sum_PF=-87.5..-86.3
PowerFactor.csv,2019-06-28 15:34:00,2,"657,658",False,1,Sum_PF,Sum_PF=-90.9..-87.2
PowerFactor.csv,2019-06-28 15:36:00,2,"660,661",False,4,"Sum_PF,THDVL1,THDVL2,THDVL3",Sum_PF=-89.6..-84.9;THDVL1=1.7..2.0;THDVL2=1.7..2.0;THDVL3=1.7..2.0
PowerFactor.csv,2019-06-28 15:38:00,2,"663,664",False,3,"Sum_PF,THDVL2,THDVL3",Sum_PF=-87.6..-27.4;THDVL2=2.0..2.7;THDVL3=2.0..2.7
PowerFactor.csv,2019-06-28 15:40:00,2,"666,667",False,1,Sum_PF,Sum_PF=-86.5..-83.4
PowerFactor.csv,2019-06-28 15:42:00,2,"669,670",False,4,"Sum_PF,THDVL1,THDVL2,THDVL3",Sum_PF=-89.5..-87.9;THDVL1=1.5..1.9;THDVL2=1.5..1.9;THDVL3=1.5..1.9
PowerFactor.csv,2019-06-28 15:44:00,2,"672,673",False,4,"Sum_PF,THDVL1,THDVL2,THDVL3",Sum_PF=-86.1..-27.0;THDVL1=1.9..2.0;THDVL2=1.9..2.0;THDVL3=1.9..2.0
PowerFactor.csv,2019-06-28 15:46:00,2,"675,676",False,2,"Sum_PF,FRQ",Sum_PF=-86.8..-26.1;FRQ=49.8..49.9
PowerFactor.csv,2019-06-28 15:48:00,2,"678,679",False,1,Sum_PF,Sum_PF=-87.7..-25.9
PowerFactor.csv,2019-06-28 15:50:00,2,"681,682",False,4,"Sum_PF,THDVL1,THDVL2,THDVL3",Sum_PF=-89.2..-36.7;THDVL1=1.9..2.0;THDVL2=1.9..2.0;THDVL3=1.9..2.0
PowerFactor.csv,2019-06-28 15:52:00,2,"684,685",False,4,"Sum_PF,THDVL1,THDVL2,THDVL3",Sum_PF=-92.7..-83.1;THDVL1=1.9..2.0;THDVL2=1.9..2.0;THDVL3=1.9..2.0
PowerFactor.csv,2019-06-28 15:54:00,2,"687,688",False,4,"Sum_PF,THDVL1,THDVL2,THDVL3",Sum_PF=-88.2..-29.1;THDVL1=1.5..2.0;THDVL2=1.5..2.0;THDVL3=1.6..2.0
PowerFactor.csv,2019-06-28 15:56:00,2,"690,691",False,4,"Sum_PF,THDVL1,THDVL2,THDVL3",Sum_PF=-32.6..-26.5;THDVL1=2.0..2.1;THDVL2=2.0..2.1;THDVL3=2.0..2.1
PowerFactor.csv,2019-06-28 15:58:00,2,"693,694",False,1,Sum_PF,Sum_PF=-87.8..-28.2
PowerFactor.csv,2019-06-28 16:00:00,2,"696,697",False,1,Sum_PF,Sum_PF=-90.5..-87.9
PowerFactor.csv,2019-06-28 16:02:00,2,"699,700",False,1,Sum_PF,Sum_PF=-89.4..-29.8
PowerFactor.csv,2019-06-28 16:04:00,2,"702,703",False,4,"Sum_PF,THDVL1,THDVL2,THDVL3",Sum_PF=-29.7..-25.0;THDVL1=1.8..2.0;THDVL2=1.8..2.0;THDVL3=1.8..2.0
PowerFactor.csv,2019-06-28 16:06:00,2,"705,706",False,1,Sum_PF,Sum_PF=-89.0..-87.8
PowerFactor.csv,2019-06-28 16:08:00,2,"708,709",False,1,Sum_PF,Sum_PF=-90.1..-29.3
PowerFactor.csv,2019-06-28 16:10:00,2,"711,712",True,0,,
PowerFactor.csv,2019-06-28 16:12:00,2,"714,715",False,4,"Sum_PF,THDVL1,THDVL2,THDVL3",Sum_PF=-87.2..-25.3;THDVL1=1.9..2.0;THDVL2=1.9..2.0;THDVL3=1.9..2.0
PowerFactor.csv,2019-06-28 16:14:00,2,"717,718",False,2,"Sum_PF,THDVL3",Sum_PF=-91.3..-89.3;THDVL3=1.9..2.1
PowerFactor.csv,2019-06-28 16:16:00,2,"720,721",False,4,"Sum_PF,THDVL1,THDVL2,THDVL3",Sum_PF=-88.2..-87.1;THDVL1=1.8..1.9;THDVL2=1.8..1.9;THDVL3=1.8..1.9
PowerFactor.csv,2019-06-28 16:18:00,2,"723,724",False,1,THDVL1,THDVL1=2.0..2.1
PowerFactor.csv,2019-06-28 16:20:00,2,"726,727",False,4,"Sum_PF,THDVL1,THDVL2,THDVL3",Sum_PF=-87.5..-29.7;THDVL1=1.9..2.0;THDVL2=1.9..2.0;THDVL3=1.9..2.0
PowerFactor.csv,2019-06-28 16:22:00,2,"729,730",False,4,"Sum_PF,THDVL1,THDVL2,THDVL3",Sum_PF=-84.6..-28.7;THDVL1=1.9..2.0;THDVL2=1.9..2.0;THDVL3=1.9..2.0
PowerFactor.csv,2019-06-28 16:24:00,2,"732,733",False,4,"Sum_PF,THDVL1,THDVL2,THDVL3",Sum_PF=-89.4..-30.7;THDVL1=1.7..1.8;THDVL2=1.7..1.8;THDVL3=1.7..1.8
PowerFactor.csv,2019-06-28 16:26:00,2,"735,736",False,2,"Sum_PF,FRQ",Sum_PF=-31.4..-27.4;FRQ=49.9..50.0
PowerFactor.csv,2019-06-28 16:28:00,2,"738,739",False,1,Sum_PF,Sum_PF=-87.2..-84.8
PowerFactor.csv,2019-06-28 16:30:00,2,"741,742",False,1,Sum_PF,Sum_PF=-32.2..-26.7
PowerFactor.csv,2019-06-28 16:32:00,2,"744,745",False,1,Sum_PF,Sum_PF=-27.0..-25.3
PowerFactor.csv,2019-06-28 16:34:00,2,"747,748",False,4,"Sum_PF,THDVL1,THDVL2,THDVL3",Sum_PF=-88.6..-88.4;THDVL1=1.8..1.9;THDVL2=1.8..1.9;THDVL3=1.8..1.9
PowerFactor.csv,2019-06-28 16:36:00,2,"750,751",False,2,"Sum_PF,THDVL1",Sum_PF=-33.3..-25.7;THDVL1=1.8..2.0
PowerFactor.csv,2019-06-28 16:39:00,2,"754,755",False,4,"Sum_PF,THDVL1,THDVL2,THDVL3",Sum_PF=-88.6..-27.7;THDVL1=1.8..1.9;THDVL2=1.8..1.9;THDVL3=1.8..1.9
PowerFactor.csv,2019-06-28 16:40:00,2,"756,757",False,4,"Sum_PF,THDVL1,THDVL2,THDVL3",Sum_PF=-90.5..-88.1;THDVL1=1.8..1.9;THDVL2=1.8..1.9;THDVL3=1.8..1.9
PowerFactor.csv,2019-06-28 16:42:00,2,"759,760",False,2,"Sum_PF,THDVL3",Sum_PF=-89.4..-88.8;THDVL3=1.4..1.8
PowerFactor.csv,2019-06-28 16:44:00,2,"762,763",False,4,"Sum_PF,THDVL1,THDVL2,THDVL3",Sum_PF=-87.9..-30.8;THDVL1=1.8..1.9;THDVL2=1.8..1.9;THDVL3=1.8..1.9
PowerFactor.csv,2019-06-28 16:46:00,2,"765,766",False,4,"Sum_PF,THDVL1,THDVL2,THDVL3",Sum_PF=-87.7..-26.5;THDVL1=1.8..1.9;THDVL2=1.8..1.9;THDVL3=1.8..1.9
PowerFactor.csv,2019-06-28 16:48:00,2,"768,769",False,3,"Sum_PF,THDVL1,THDVL2",Sum_PF=-91.7..-83.6;THDVL1=1.8..2.0;THDVL2=1.8..2.0
PowerFactor.csv,2019-06-28 16:50:00,2,"771,772",False,1,Sum_PF,Sum_PF=-87.1..-85.5
PowerFactor.csv,2019-06-28 16:52:00,2,"774,775",False,4,"Sum_PF,THDVL1,THDVL2,THDVL3",Sum_PF=-87.4..-31.2;THDVL1=1.8..1.9;THDVL2=1.8..1.9;THDVL3=1.8..1.9
PowerFactor.csv,2019-06-28 16:54:00,2,"777,778",False,2,"Sum_PF,THDVL3",Sum_PF=-87.9..-32.3;THDVL3=1.6..1.8
PowerFactor.csv,2019-06-28 16:56:00,2,"780,781",False,1,Sum_PF,Sum_PF=-87.3..-28.3
PowerFactor.csv,2019-06-28 16:58:00,2,"783,784",False,1,Sum_PF,Sum_PF=-86.1..-26.9
PowerFactor.csv,2019-06-28 17:00:00,2,"786,787",False,1,Sum_PF,Sum_PF=-89.9..-88.3
PowerFactor.csv,2019-06-28 17:02:00,2,"789,790",False,5,"Sum_PF,FRQ,THDVL1,THDVL2,THDVL3",Sum_PF=-84.9..-31.6;FRQ=50.0..50.1;THDVL1=1.9..2.0;THDVL2=1.9..2.0;THDVL3=1.9..2.0
PowerFactor.csv,2019-06-28 17:04:00,2,"792,793",False,4,"Sum_PF,THDVL1,THDVL2,THDVL3",Sum_PF=-87.2..-31.1;THDVL1=1.8..1.9;THDVL2=1.8..1.9;THDVL3=1.8..1.9
PowerFactor.csv,2019-06-28 17:06:00,2,"795,796",False,1,Sum_PF,Sum_PF=-89.1..-28.6
PowerFactor.csv,2019-06-28 17:08:00,2,"798,799",False,2,"Sum_PF,THDVL1",Sum_PF=-86.6..-31.0;THDVL1=1.9..2.5
PowerFactor.csv,2019-06-28 17:10:00,2,"801,802",False,5,"Sum_PF,FRQ,THDVL1,THDVL2,THDVL3",Sum_PF=-89.4..-27.0;FRQ=49.9..50.0;THDVL1=1.9..2.0;THDVL2=1.9..2.0;THDVL3=1.9..2.0
PowerFactor.csv,2019-06-28 17:12:00,2,"804,805",False,4,"Sum_PF,THDVL1,THDVL2,THDVL3",Sum_PF=-27.0..-20.6;THDVL1=1.7..1.9;THDVL2=1.7..1.9;THDVL3=1.7..1.9
PowerFactor.csv,2019-06-28 17:14:00,2,"807,808",False,4,"Sum_PF,THDVL1,THDVL2,THDVL3",Sum_PF=-91.3..-30.0;THDVL1=1.8..2.0;THDVL2=1.7..1.8;THDVL3=1.7..1.8
PowerFactor.csv,2019-06-28 17:16:00,2,"810,811",False,1,Sum_PF,Sum_PF=-85.7..-29.4
PowerFactor.csv,2019-06-28 17:18:00,2,"813,814",False,2,"Sum_PF,FRQ",Sum_PF=-84.4..-28.7;FRQ=49.9..50.0
PowerFactor.csv,2019-06-28 17:20:00,2,"816,817",False,4,"Sum_PF,THDVL1,THDVL2,THDVL3",Sum_PF=-92.7..-28.7;THDVL1=1.8..1.9;THDVL2=1.8..1.9;THDVL3=1.8..1.9
PowerFactor.csv,2019-06-28 17:22:00,2,"819,820",False,4,"Sum_PF,THDVL1,THDVL2,THDVL3",Sum_PF=-87.2..-27.6;THDVL1=1.8..1.9;THDVL2=1.8..1.9;THDVL3=1.8..1.9
PowerFactor.csv,2019-06-28 17:24:00,2,"822,823",False,1,Sum_PF,Sum_PF=-89.1..-87.2
PowerFactor.csv,2019-06-28 17:26:00,2,"825,826",False,5,"Sum_PF,FRQ,THDVL1,THDVL2,THDVL3",Sum_PF=-30.0..-27.8;FRQ=49.9..50.0;THDVL1=1.8..1.9;THDVL2=1.8..1.9;THDVL3=1.8..1.9
PowerFactor.csv,2019-06-28 17:28:00,2,"828,829",False,2,"Sum_PF,THDVL1",Sum_PF=-89.8..-21.6;THDVL1=1.8..1.9
PowerFactor.csv,2019-06-28 17:30:00,2,"831,832",False,4,"Sum_PF,THDVL1,THDVL2,THDVL3",Sum_PF=-87.6..-27.9;THDVL1=1.8..1.9;THDVL2=1.8..1.9;THDVL3=1.8..1.9
PowerFactor.csv,2019-06-28 17:32:00,2,"834,835",False,4,"Sum_PF,THDVL1,THDVL2,THDVL3",Sum_PF=-80.4..-29.1;THDVL1=1.8..1.9;THDVL2=1.8..1.9;THDVL3=1.8..1.9
PowerFactor.csv,2019-06-28 17:34:00,2,"837,838",False,4,"Sum_PF,THDVL1,THDVL2,THDVL3",Sum_PF=-86.6..-86.1;THDVL1=1.8..1.9;THDVL2=1.8..1.9;THDVL3=1.8..1.9
PowerFactor.csv,2019-06-28 17:36:00,2,"840,841",False,4,"Sum_PF,THDVL1,THDVL2,THDVL3",Sum_PF=-90.9..-90.2;THDVL1=1.8..1.9;THDVL2=1.8..1.9;THDVL3=1.8..1.9
PowerFactor.csv,2019-06-28 17:38:00,2,"843,844",False,4,"Sum_PF,THDVL1,THDVL2,THDVL3",Sum_PF=-89.3..-33.6;THDVL1=1.7..1.8;THDVL2=1.7..1.8;THDVL3=1.7..1.8
PowerFactor.csv,2019-06-28 17:40:00,2,"846,847",False,4,"Sum_PF,THDVL1,THDVL2,THDVL3",Sum_PF=-29.5..-27.5;THDVL1=1.8..1.9;THDVL2=1.8..1.9;THDVL3=1.8..1.9
PowerFactor.csv,2019-06-28 17:42:00,2,"849,850",False,1,Sum_PF,Sum_PF=-91.8..-91.2
PowerFactor.csv,2019-06-28 17:44:00,2,"852,853",False,1,Sum_PF,Sum_PF=-89.9..-29.1
PowerFactor.csv,2019-06-28 17:46:00,2,"855,856",False,2,"Sum_PF,FRQ",Sum_PF=-89.0..-86.2;FRQ=49.9..50.0
PowerFactor.csv,2019-06-28 17:48:00,2,"858,859",False,4,"Sum_PF,THDVL1,THDVL2,THDVL3",Sum_PF=-83.6..-33.7;THDVL1=1.8..1.9;THDVL2=1.8..1.9;THDVL3=1.8..1.9
PowerFactor.csv,2019-06-28 17:50:00,2,"861,862",False,1,Sum_PF,Sum_PF=-31.4..-27.6
PowerFactor.csv,2019-06-28 17:52:00,2,"864,865",False,4,"Sum_PF,THDVL1,THDVL2,THDVL3",Sum_PF=-89.5..-85.2;THDVL1=1.7..1.8;THDVL2=1.7..1.8;THDVL3=1.7..1.8
PowerFactor.csv,2019-06-28 17:54:00,2,"867,868",False,2,"Sum_PF,THDVL3",Sum_PF=-29.2..-28.2;THDVL3=1.6..1.7
PowerFactor.csv,2019-06-29 10:24:00,2,"870,871",False,4,"Sum_PF,THDVL1,THDVL2,THDVL3",Sum_PF=-90.3..-84.3;THDVL1=1.7..1.8;THDVL2=1.7..1.8;THDVL3=1.7..1.8
PowerFactor.csv,2019-06-29 11:14:00,2,"876,877",False,5,"Sum_PF,FRQ,THDVL1,THDVL2,THDVL3",Sum_PF=-88.6..-25.9;FRQ=49.8..49.9;THDVL1=1.7..1.9;THDVL2=1.7..1.9;THDVL3=1.7..1.9
PowerFactor.csv,2019-06-29 11:16:00,2,"879,880",False,1,Sum_PF,Sum_PF=-89.2..-80.7
PowerFactor.csv,2019-06-29 11:18:00,2,"882,883",False,4,"Sum_PF,THDVL1,THDVL2,THDVL3",Sum_PF=-84.4..-83.9;THDVL1=1.8..1.9;THDVL2=1.7..1.9;THDVL3=1.7..1.9
PowerFactor.csv,2019-06-29 11:20:00,2,"885,886",False,4,"Sum_PF,THDVL1,THDVL2,THDVL3",Sum_PF=-87.0..-85.6;THDVL1=1.8..1.9;THDVL2=1.8..1.9;THDVL3=1.8..1.9
PowerFactor.csv,2019-06-29 11:22:00,2,"888,889",False,1,Sum_PF,Sum_PF=-88.3..-23.8
PowerFactor.csv,2019-06-29 11:24:00,2,"891,892",False,1,Sum_PF,Sum_PF=-89.7..-27.2
PowerFactor.csv,2019-06-29 11:27:00,2,"893,894",False,5,"Sum_PF,FRQ,THDVL1,THDVL2,THDVL3",Sum_PF=-87.8..-23.7;FRQ=49.8..49.9;THDVL1=1.7..1.8;THDVL2=1.7..1.8;THDVL3=1.7..1.8
PowerFactor.csv,2019-06-29 11:28:00,2,"895,896",False,2,"Sum_PF,FRQ",Sum_PF=-90.7..-84.1;FRQ=49.8..49.9
PowerFactor.csv,2019-06-29 11:31:00,2,"899,900",False,2,"Sum_PF,FRQ",Sum_PF=-30.9..-23.5;FRQ=49.8..49.9
PowerFactor.csv,2019-06-29 11:33:00,2,"902,903",False,1,Sum_PF,Sum_PF=-90.9..-26.3
PowerFactor.csv,2019-06-29 11:34:00,2,"904,905",False,4,"Sum_PF,THDVL1,THDVL2,THDVL3",Sum_PF=-89.1..-30.1;THDVL1=1.7..1.9;THDVL2=1.7..1.9;THDVL3=1.7..1.9
PowerFactor.csv,2019-06-29 11:36:00,2,"907,908",False,4,"Sum_PF,THDVL1,THDVL2,THDVL3",Sum_PF=-28.2..-27.6;THDVL1=1.8..2.0;THDVL2=1.8..2.0;THDVL3=1.7..1.8
PowerFactor.csv,2019-06-29 11:38:00,2,"910,911",False,4,"Sum_PF,THDVL1,THDVL2,THDVL3",Sum_PF=-87.4..-26.0;THDVL1=1.7..2.1;THDVL2=1.7..1.8;THDVL3=1.7..1.8
PowerFactor.csv,2019-06-29 11:43:00,2,"914,915",False,4,"Sum_PF,THDVL1,THDVL2,THDVL3",Sum_PF=-88.5..-29.3;THDVL1=1.7..1.8;THDVL2=1.7..1.8;THDVL3=1.7..1.8
PowerFactor.csv,2019-06-29 11:45:00,2,"917,918",False,1,Sum_PF,Sum_PF=-86.1..-29.7
PowerFactor.csv,2019-06-29 11:46:00,2,"919,920",False,4,"Sum_PF,THDVL1,THDVL2,THDVL3",Sum_PF=-27.8..-26.3;THDVL1=1.8..1.9;THDVL2=1.8..1.9;THDVL3=1.8..1.9
PowerFactor.csv,2019-06-29 11:52:00,2,"925,926",False,4,"Sum_PF,THDVL1,THDVL2,THDVL3",Sum_PF=-88.9..-26.5;THDVL1=1.9..2.0;THDVL2=1.8..2.0;THDVL3=1.8..2.0
PowerFactor.csv,2019-06-29 11:54:00,2,"928,929",False,1,Sum_PF,Sum_PF=-90.5..-31.5
PowerFactor.csv,2019-06-29 11:56:00,2,"931,932",False,5,"Sum_PF,FRQ,THDVL1,THDVL2,THDVL3",Sum_PF=-90.9..-28.2;FRQ=49.8..49.9;THDVL1=1.7..1.8;THDVL2=1.7..1.8;THDVL3=1.7..1.8
PowerFactor.csv,2019-06-29 11:58:00,2,"934,935",False,4,"Sum_PF,THDVL1,THDVL2,THDVL3",Sum_PF=-90.1..-30.5;THDVL1=1.4..1.7;THDVL2=1.4..1.7;THDVL3=1.4..1.7
PowerFactor.csv,2019-06-29 12:10:00,2,"940,941",False,4,"Sum_PF,THDVL1,THDVL2,THDVL3",Sum_PF=-29.0..-23.5;THDVL1=1.8..1.9;THDVL2=1.8..1.9;THDVL3=1.8..1.9
PowerFactor.csv,2019-06-29 12:15:00,2,"944,945",False,4,"Sum_PF,THDVL1,THDVL2,THDVL3",Sum_PF=-93.4..-91.7;THDVL1=1.7..1.8;THDVL2=1.7..1.8;THDVL3=1.7..1.8
PowerFactor.csv,2019-06-29 12:16:00,2,"946,947",False,1,Sum_PF,Sum_PF=-88.2..-33.8
PowerFactor.csv,2019-06-29 12:19:00,2,"948,949",False,1,Sum_PF,Sum_PF=-90.3..-27.5
PowerFactor.csv,2019-06-29 12:20:00,2,"950,951",False,4,"Sum_PF,THDVL1,THDVL2,THDVL3",Sum_PF=-88.0..-86.3;THDVL1=1.8..1.9;THDVL2=1.8..1.9;THDVL3=1.8..1.9
PowerFactor.csv,2019-06-29 12:22:00,2,"953,954",False,5,"Sum_PF,FRQ,THDVL1,THDVL2,THDVL3",Sum_PF=-90.6..-27.7;FRQ=49.8..49.9;THDVL1=1.7..1.9;THDVL2=1.7..1.9;THDVL3=1.7..1.8
PowerFactor.csv,2019-06-29 12:24:00,2,"956,957",False,1,Sum_PF,Sum_PF=-90.9..-28.4
PowerFactor.csv,2019-06-29 12:54:00,2,"962,963",False,5,"Sum_PF,FRQ,THDVL1,THDVL2,THDVL3",Sum_PF=-87.4..-86.6;FRQ=49.8..49.9;THDVL1=1.8..1.9;THDVL2=1.8..1.9;THDVL3=1.8..1.9
PowerFactor.csv,2019-06-29 12:56:00,2,"965,966",False,5,"Sum_PF,FRQ,THDVL1,THDVL2,THDVL3",Sum_PF=-30.8..-29.5;FRQ=49.9..50.0;THDVL1=1.8..1.9;THDVL2=1.8..1.9;THDVL3=1.8..1.9
PowerFactor.csv,2019-06-29 12:58:00,2,"968,969",False,1,Sum_PF,Sum_PF=-89.5..-87.4
PowerFactor.csv,2019-06-29 13:00:00,2,"971,972",False,4,"Sum_PF,THDVL1,THDVL2,THDVL3",Sum_PF=-89.3..-26.5;THDVL1=1.8..1.9;THDVL2=1.8..1.9;THDVL3=1.9..2.1
PowerFactor.csv,2019-06-29 13:03:00,2,"975,976",False,4,"Sum_PF,THDVL1,THDVL2,THDVL3",Sum_PF=-90.1..-84.8;THDVL1=1.8..1.9;THDVL2=1.8..1.9;THDVL3=1.8..1.9
PowerFactor.csv,2019-06-29 13:33:00,2,"985,986",False,1,Sum_PF,Sum_PF=-87.2..34.0
PowerFactor.csv,2019-06-29 13:39:00,2,"990,991",False,5,"Sum_PF,FRQ,THDVL1,THDVL2,THDVL3",Sum_PF=-88.4..-29.4;FRQ=49.7..49.8;THDVL1=1.7..1.9;THDVL2=1.7..1.9;THDVL3=1.7..1.9
PowerFactor.csv,2019-06-29 13:41:00,2,"993,994",False,1,Sum_PF,Sum_PF=-90.9..-90.2
PowerFactor.csv,2019-06-29 13:42:00,2,"995,996",False,5,"Sum_PF,FRQ,THDVL1,THDVL2,THDVL3",Sum_PF=-28.9..-28.3;FRQ=49.7..49.8;THDVL1=1.9..2.2;THDVL2=1.9..2.2;THDVL3=1.8..1.9
PowerFactor.csv,2019-06-29 13:44:00,2,"998,999",False,4,"Sum_PF,THDVL1,THDVL2,THDVL3",Sum_PF=-87.3..-29.0;THDVL1=1.7..1.8;THDVL2=1.7..1.8;THDVL3=1.7..1.8
PowerFactor.csv,2019-06-29 13:46:00,2,"1001,1002",False,4,"Sum_PF,THDVL1,THDVL2,THDVL3",Sum_PF=-88.1..-28.8;THDVL1=1.7..1.8;THDVL2=1.7..1.8;THDVL3=1.7..1.8
PowerFactor.csv,2019-06-29 13:48:00,2,"1004,1005",False,4,"Sum_PF,FRQ,THDVL1,THDVL2",Sum_PF=-91.0..-31.8;FRQ=49.8..49.9;THDVL1=1.7..1.8;THDVL2=1.7..1.8
PowerFactor.csv,2019-06-29 13:50:00,2,"1007,1008",False,1,Sum_PF,Sum_PF=-93.3..-89.7
PowerFactor.csv,2019-06-29 13:52:00,2,"1010,1011",False,2,"Sum_PF,FRQ",Sum_PF=-90.5..-31.2;FRQ=49.8..49.9
PowerFactor.csv,2019-06-29 13:54:00,2,"1013,1014",False,1,Sum_PF,Sum_PF=-31.0..-28.7
PowerFactor.csv,2019-06-29 13:56:00,2,"1016,1017",False,4,"Sum_PF,THDVL1,THDVL2,THDVL3",Sum_PF=-92.8..-89.2;THDVL1=1.8..2.1;THDVL2=1.8..2.1;THDVL3=1.8..2.1
PowerFactor.csv,2019-06-29 13:58:00,2,"1019,1020",False,4,"Sum_PF,THDVL1,THDVL2,THDVL3",Sum_PF=-86.4..-27.5;THDVL1=1.8..2.0;THDVL2=1.8..2.0;THDVL3=1.8..2.0
PowerFactor.csv,2019-06-29 14:00:00,2,"1022,1023",False,4,"Sum_PF,THDVL1,THDVL2,THDVL3",Sum_PF=-89.8..-87.9;THDVL1=1.6..1.9;THDVL2=1.7..1.9;THDVL3=1.7..1.9
PowerFactor.csv,2019-06-29 14:02:00,2,"1025,1026",False,4,"Sum_PF,THDVL1,THDVL2,THDVL3",Sum_PF=-30.1..-22.9;THDVL1=1.8..2.2;THDVL2=1.8..2.2;THDVL3=1.8..2.1
PowerFactor.csv,2019-06-29 14:04:00,2,"1028,1029",False,1,Sum_PF,Sum_PF=-87.5..-29.2
PowerFactor.csv,2019-06-29 14:06:00,2,"1031,1032",False,1,Sum_PF,Sum_PF=-27.4..-27.2
PowerFactor.csv,2019-06-29 14:08:00,2,"1034,1035",False,4,"Sum_PF,THDVL1,THDVL2,THDVL3",Sum_PF=-31.9..-29.7;THDVL1=1.8..1.9;THDVL2=1.8..1.9;THDVL3=1.8..1.9
PowerFactor.csv,2019-06-29 14:10:00,2,"1037,1038",False,1,Sum_PF,Sum_PF=-29.5..-20.8
PowerFactor.csv,2019-06-29 14:12:00,2,"1040,1041",False,4,"Sum_PF,THDVL1,THDVL2,THDVL3",Sum_PF=-86.7..-83.9;THDVL1=1.8..1.9;THDVL2=1.8..1.9;THDVL3=1.8..1.9
PowerFactor.csv,2019-06-29 14:14:00,2,"1043,1044",False,1,Sum_PF,Sum_PF=-88.0..-86.1
PowerFactor.csv,2019-06-29 14:16:00,2,"1046,1047",False,1,Sum_PF,Sum_PF=-89.5..-30.7
PowerFactor.csv,2019-06-29 14:18:00,2,"1049,1050",False,1,Sum_PF,Sum_PF=-91.1..-83.6
PowerFactor.csv,2019-06-29 14:20:00,2,"1052,1053",False,5,"Sum_PF,FRQ,THDVL1,THDVL2,THDVL3",Sum_PF=-88.0..-23.5;FRQ=49.8..49.9;THDVL1=1.8..1.9;THDVL2=1.8..1.9;THDVL3=1.8..1.9
PowerFactor.csv,2019-06-29 14:22:00,2,"1055,1056",False,4,"Sum_PF,THDVL1,THDVL2,THDVL3",Sum_PF=-91.5..-26.3;THDVL1=1.8..1.9;THDVL2=1.8..1.9;THDVL3=1.8..1.9
PowerFactor.csv,2019-06-29 14:24:00,2,"1058,1059",False,4,"Sum_PF,THDVL1,THDVL2,THDVL3",Sum_PF=-88.9..-29.6;THDVL1=1.7..1.8;THDVL2=1.7..1.8;THDVL3=1.7..1.8
PowerFactor.csv,2019-06-29 14:26:00,2,"1061,1062",False,4,"Sum_PF,THDVL1,THDVL2,THDVL3",Sum_PF=-89.1..-87.8;THDVL1=1.7..1.8;THDVL2=1.7..1.8;THDVL3=1.7..1.8
PowerFactor.csv,2019-06-29 14:28:00,2,"1064,1065",False,4,"Sum_PF,THDVL1,THDVL2,THDVL3",Sum_PF=-91.6..-26.1;THDVL1=1.6..2.0;THDVL2=1.6..2.0;THDVL3=1.8..2.0
PowerFactor.csv,2019-06-29 14:30:00,2,"1067,1068",False,1,Sum_PF,Sum_PF=-89.6..-33.6
PowerFactor.csv,2019-06-29 14:32:00,2,"1070,1071",False,1,Sum_PF,Sum_PF=-92.1..-91.0
PowerFactor.csv,2019-06-29 14:34:00,2,"1073,1074",False,1,Sum_PF,Sum_PF=-28.5..-28.3
PowerFactor.csv,2019-06-29 14:36:00,2,"1076,1077",False,4,"Sum_PF,THDVL1,THDVL2,THDVL3",Sum_PF=-89.2..-27.6;THDVL1=1.9..2.0;THDVL2=1.9..2.0;THDVL3=1.9..2.0
PowerFactor.csv,2019-06-29 14:38:00,2,"1079,1080",False,1,Sum_PF,Sum_PF=-90.4..-83.7
PowerFactor.csv,2019-06-29 14:40:00,2,"1082,1083",False,4,"Sum_PF,THDVL1,THDVL2,THDVL3",Sum_PF=-89.6..-85.8;THDVL1=1.8..1.9;THDVL2=1.8..1.9;THDVL3=1.8..1.9
PowerFactor.csv,2019-06-29 14:42:00,2,"1085,1086",False,1,Sum_PF,Sum_PF=-92.0..-88.6
PowerFactor.csv,2019-06-29 14:44:00,2,"1088,1089",False,3,"Sum_PF,THDVL2,THDVL3",Sum_PF=-92.5..-31.9;THDVL2=1.6..1.7;THDVL3=1.7..1.9
PowerFactor.csv,2019-06-29 14:46:00,2,"1091,1092",False,4,"Sum_PF,THDVL1,THDVL2,THDVL3",Sum_PF=-88.9..-24.8;THDVL1=1.7..1.8;THDVL2=1.7..1.8;THDVL3=1.7..1.8
PowerFactor.csv,2019-06-29 14:48:00,2,"1094,1095",False,1,Sum_PF,Sum_PF=-89.1..-87.6
PowerFactor.csv,2019-06-29 14:50:00,2,"1097,1098",False,4,"Sum_PF,THDVL1,THDVL2,THDVL3",Sum_PF=-31.1..-27.0;THDVL1=1.6..1.7;THDVL2=1.6..1.7;THDVL3=1.6..1.7
PowerFactor.csv,2019-06-29 14:52:00,2,"1100,1101",False,4,"Sum_PF,THDVL1,THDVL2,THDVL3",Sum_PF=-82.9..-31.2;THDVL1=1.7..1.8;THDVL2=1.7..1.8;THDVL3=1.7..1.8
PowerFactor.csv,2019-06-29 14:54:00,2,"1103,1104",False,1,Sum_PF,Sum_PF=-30.0..-29.8
PowerFactor.csv,2019-06-29 14:56:00,2,"1106,1107",False,1,Sum_PF,Sum_PF=-92.9..-84.4
PowerFactor.csv,2019-06-29 14:58:00,2,"1109,1110",False,4,"Sum_PF,THDVL1,THDVL2,THDVL3",Sum_PF=-91.0..-89.2;THDVL1=1.7..1.8;THDVL2=1.7..1.8;THDVL3=1.7..1.8
PowerFactor.csv,2019-06-29 15:00:00,2,"1112,1113",False,2,"Sum_PF,FRQ",Sum_PF=-89.7..-27.4;FRQ=49.9..50.0
PowerFactor.csv,2019-06-29 15:02:00,2,"1115,1116",False,3,"Sum_PF,THDVL1,THDVL3",Sum_PF=-29.7..-27.9;THDVL1=1.7..1.8;THDVL3=1.7..1.8
PowerFactor.csv,2019-06-29 15:04:00,2,"1118,1119",False,4,"Sum_PF,THDVL1,THDVL2,THDVL3",Sum_PF=-84.0..-29.3;THDVL1=1.7..1.8;THDVL2=1.7..1.8;THDVL3=1.7..1.8
PowerFactor.csv,2019-06-29 15:06:00,2,"1121,1122",False,2,"Sum_PF,THDVL2",Sum_PF=-87.9..-24.1;THDVL2=1.7..1.8
PowerFactor.csv,2019-06-29 15:08:00,2,"1124,1125",False,4,"Sum_PF,THDVL1,THDVL2,THDVL3",Sum_PF=-87.3..-87.1;THDVL1=1.7..1.8;THDVL2=1.7..1.8;THDVL3=1.7..1.8
PowerFactor.csv,2019-06-29 15:10:00,2,"1127,1128",False,4,"Sum_PF,THDVL1,THDVL2,THDVL3",Sum_PF=-93.8..-29.0;THDVL1=1.7..1.8;THDVL2=0.9..1.8;THDVL3=0.9..1.8
PowerFactor.csv,2019-06-29 15:12:00,2,"1130,1131",False,4,"Sum_PF,FRQ,THDVL1,THDVL2",Sum_PF=-28.0..-23.9;FRQ=49.9..50.0;THDVL1=1.7..1.8;THDVL2=1.7..1.8
PowerFactor.csv,2019-06-29 15:14:00,2,"1133,1134",False,2,"Sum_PF,FRQ",Sum_PF=-91.0..-30.9;FRQ=49.9..50.0
PowerFactor.csv,2019-06-29 15:16:00,2,"1136,1137",False,4,"Sum_PF,THDVL1,THDVL2,THDVL3",Sum_PF=-88.3..-29.2;THDVL1=1.8..1.9;THDVL2=1.8..1.9;THDVL3=1.8..2.4
PowerFactor.csv,2019-06-29 15:18:00,2,"1139,1140",False,4,"Sum_PF,THDVL1,THDVL2,THDVL3",Sum_PF=-88.9..-26.7;THDVL1=1.3..1.8;THDVL2=1.4..1.7;THDVL3=1.4..1.7
PowerFactor.csv,2019-06-29 15:20:00,2,"1142,1143",False,1,Sum_PF,Sum_PF=-88.3..-27.6
PowerFactor.csv,2019-06-29 15:22:00,2,"1145,1146",False,4,"Sum_PF,THDVL1,THDVL2,THDVL3",Sum_PF=-90.7..-83.3;THDVL1=1.8..1.9;THDVL2=1.8..1.9;THDVL3=1.8..1.9
PowerFactor.csv,2019-06-29 15:24:00,2,"1148,1149",False,4,"Sum_PF,THDVL1,THDVL2,THDVL3",Sum_PF=-27.8..-22.0;THDVL1=1.8..1.9;THDVL2=1.8..1.9;THDVL3=1.8..1.9
PowerFactor.csv,2019-06-29 15:26:00,2,"1151,1152",False,4,"Sum_PF,THDVL1,THDVL2,THDVL3",Sum_PF=-87.1..-23.5;THDVL1=1.8..1.9;THDVL2=1.8..1.9;THDVL3=1.8..1.9
PowerFactor.csv,2019-06-29 15:28:00,2,"1154,1155",False,1,Sum_PF,Sum_PF=-90.8..-89.5
PowerFactor.csv,2019-06-29 15:30:00,2,"1157,1158",False,4,"Sum_PF,THDVL1,THDVL2,THDVL3",Sum_PF=-95.1..-90.4;THDVL1=1.8..1.9;THDVL2=1.8..1.9;THDVL3=1.8..1.9
PowerFactor.csv,2019-06-29 15:32:00,2,"1160,1161",False,3,"Sum_PF,THDVL2,THDVL3",Sum_PF=-88.2..-31.7;THDVL2=1.8..1.9;THDVL3=1.8..1.9
PowerFactor.csv,2019-06-29 15:34:00,2,"1163,1164",False,1,Sum_PF,Sum_PF=-88.5..-29.3
PowerFactor.csv,2019-06-29 15:36:00,2,"1166,1167",False,3,"Sum_PF,FRQ,THDVL1",Sum_PF=-88.5..-88.0;FRQ=49.9..50.0;THDVL1=1.9..2.0
PowerFactor.csv,2019-06-29 15:38:00,2,"1169,1170",False,4,"Sum_PF,THDVL1,THDVL2,THDVL3",Sum_PF=-89.5..-25.0;THDVL1=1.8..1.9;THDVL2=1.8..1.9;THDVL3=1.8..1.9
PowerFactor.csv,2019-06-29 15:40:00,2,"1172,1173",False,4,"Sum_PF,THDVL1,THDVL2,THDVL3",Sum_PF=-92.8..-85.4;THDVL1=1.6..1.9;THDVL2=1.8..1.9;THDVL3=1.8..1.9
PowerFactor.csv,2019-06-29 15:42:00,2,"1175,1176",False,4,"Sum_PF,THDVL1,THDVL2,THDVL3",Sum_PF=-88.9..-28.1;THDVL1=1.7..1.9;THDVL2=1.7..1.9;THDVL3=1.7..1.9
PowerFactor.csv,2019-06-29 15:44:00,2,"1178,1179",False,4,"Sum_PF,THDVL1,THDVL2,THDVL3",Sum_PF=-88.5..-83.0;THDVL1=1.9..2.1;THDVL2=1.9..2.1;THDVL3=1.9..2.1
PowerFactor.csv,2019-06-29 15:46:00,2,"1181,1182",False,4,"Sum_PF,THDVL1,THDVL2,THDVL3",Sum_PF=-28.0..-27.7;THDVL1=1.8..1.9;THDVL2=1.8..1.9;THDVL3=1.8..1.9
PowerFactor.csv,2019-06-29 15:48:00,2,"1184,1185",False,1,Sum_PF,Sum_PF=-87.2..-86.6
PowerFactor.csv,2019-06-29 15:50:00,2,"1187,1188",False,3,"Sum_PF,FRQ,THDVL2",Sum_PF=-92.2..-87.7;FRQ=49.9..50.0;THDVL2=1.8..1.9
PowerFactor.csv,2019-06-29 15:52:00,2,"1190,1191",False,1,Sum_PF,Sum_PF=-92.3..-87.5
PowerFactor.csv,2019-06-29 15:54:00,2,"1193,1194",False,3,"Sum_PF,THDVL2,THDVL3",Sum_PF=-91.9..-89.7;THDVL2=1.7..2.7;THDVL3=1.7..2.7
PowerFactor.csv,2019-06-29 15:56:00,2,"1196,1197",False,1,Sum_PF,Sum_PF=-90.8..-87.8
PowerFactor.csv,2019-06-29 15:58:00,2,"1199,1200",False,2,"Sum_PF,FRQ",Sum_PF=-87.7..-27.8;FRQ=49.9..50.0
PowerFactor.csv,2019-06-29 16:00:00,2,"1202,1203",False,4,"Sum_PF,THDVL1,THDVL2,THDVL3",Sum_PF=-83.2..-32.7;THDVL1=1.9..2.1;THDVL2=1.9..2.1;THDVL3=1.9..2.1
PowerFactor.csv,2019-06-29 16:02:00,2,"1205,1206",False,4,"Sum_PF,THDVL1,THDVL2,THDVL3",Sum_PF=-90.8..-85.8;THDVL1=1.8..1.9;THDVL2=1.8..1.9;THDVL3=1.8..1.9
PowerFactor.csv,2019-06-29 16:04:00,2,"1208,1209",False,4,"Sum_PF,THDVL1,THDVL2,THDVL3",Sum_PF=-88.2..-28.8;THDVL1=1.8..1.9;THDVL2=1.8..1.9;THDVL3=1.8..1.9
PowerFactor.csv,2019-06-29 16:06:00,2,"1211,1212",False,1,Sum_PF,Sum_PF=-92.8..-28.9
PowerFactor.csv,2019-06-29 16:08:00,2,"1214,1215",False,4,"Sum_PF,THDVL1,THDVL2,THDVL3",Sum_PF=-33.1..-29.4;THDVL1=1.8..1.9;THDVL2=1.8..1.9;THDVL3=1.8..1.9
PowerFactor.csv,2019-06-29 16:10:00,2,"1217,1218",False,4,"Sum_PF,THDVL1,THDVL2,THDVL3",Sum_PF=-89.3..-34.5;THDVL1=1.6..1.9;THDVL2=1.6..1.9;THDVL3=1.6..1.9
PowerFactor.csv,2019-06-29 16:12:00,2,"1220,1221",False,4,"Sum_PF,THDVL1,THDVL2,THDVL3",Sum_PF=-86.7..-27.5;THDVL1=1.8..1.9;THDVL2=1.8..1.9;THDVL3=1.8..1.9
PowerFactor.csv,2019-06-29 16:14:00,2,"1223,1224",False,4,"Sum_PF,THDVL1,THDVL2,THDVL3",Sum_PF=-30.3..-25.3;THDVL1=1.3..1.9;THDVL2=1.8..1.9;THDVL3=1.8..1.9
PowerFactor.csv,2019-06-29 16:16:00,2,"1226,1227",False,1,Sum_PF,Sum_PF=-89.3..-87.7
PowerFactor.csv,2019-06-29 16:18:00,2,"1229,1230",False,1,Sum_PF,Sum_PF=-83.7..-28.6
PowerFactor.csv,2019-06-29 16:20:00,2,"1232,1233",False,4,"Sum_PF,THDVL1,THDVL2,THDVL3",Sum_PF=-89.7..30.4;THDVL1=1.8..1.9;THDVL2=1.8..1.9;THDVL3=1.8..1.9
PowerFactor.csv,2019-06-29 16:22:00,2,"1235,1236",False,1,Sum_PF,Sum_PF=-90.1..-30.5
PowerFactor.csv,2019-06-29 16:24:00,2,"1238,1239",False,1,Sum_PF,Sum_PF=-86.8..-23.5
PowerFactor.csv,2019-06-29 16:26:00,2,"1241,1242",False,1,Sum_PF,Sum_PF=-85.4..-26.1
PowerFactor.csv,2019-06-29 16:28:00,2,"1244,1245",False,4,"Sum_PF,THDVL1,THDVL2,THDVL3",Sum_PF=-30.7..-27.3;THDVL1=1.8..1.9;THDVL2=1.8..1.9;THDVL3=1.8..1.9
PowerFactor.csv,2019-06-29 16:30:00,2,"1247,1248",False,4,"Sum_PF,THDVL1,THDVL2,THDVL3",Sum_PF=-28.6..-27.6;THDVL1=1.8..1.9;THDVL2=1.8..1.9;THDVL3=1.8..1.9
PowerFactor.csv,2019-06-29 16:32:00,2,"1250,1251",False,2,"Sum_PF,FRQ",Sum_PF=-32.1..-25.2;FRQ=49.9..50.0
PowerFactor.csv,2019-06-29 16:34:00,2,"1253,1254",False,4,"Sum_PF,THDVL1,THDVL2,THDVL3",Sum_PF=-89.7..-88.8;THDVL1=1.7..1.9;THDVL2=1.7..1.9;THDVL3=1.7..1.9
PowerFactor.csv,2019-06-29 16:36:00,2,"1256,1257",False,4,"Sum_PF,THDVL1,THDVL2,THDVL3",Sum_PF=-88.6..-86.0;THDVL1=1.6..1.7;THDVL2=1.6..1.7;THDVL3=1.6..1.7
PowerFactor.csv,2019-06-29 16:38:00,2,"1259,1260",False,4,"Sum_PF,THDVL1,THDVL2,THDVL3",Sum_PF=-91.1..-86.1;THDVL1=1.6..1.7;THDVL2=1.6..1.7;THDVL3=1.6..1.7
PowerFactor.csv,2019-06-29 16:40:00,2,"1262,1263",False,2,"Sum_PF,THDVL3",Sum_PF=-96.5..-27.1;THDVL3=1.1..1.7
PowerFactor.csv,2019-06-29 16:42:00,2,"1265,1266",False,4,"Sum_PF,THDVL1,THDVL2,THDVL3",Sum_PF=-93.1..-31.4;THDVL1=1.7..1.9;THDVL2=1.7..1.9;THDVL3=1.7..1.9
PowerFactor.csv,2019-06-29 16:44:00,2,"1268,1269",False,3,"Sum_PF,THDVL1,THDVL2",Sum_PF=-89.0..-88.9;THDVL1=1.7..2.0;THDVL2=1.7..2.0
PowerFactor.csv,2019-06-29 16:46:00,2,"1271,1272",False,4,"Sum_PF,THDVL1,THDVL2,THDVL3",Sum_PF=-90.5..-27.8;THDVL1=1.7..1.9;THDVL2=1.7..1.9;THDVL3=1.7..1.9
PowerFactor.csv,2019-06-29 16:48:00,2,"1274,1275",False,3,"Sum_PF,THDVL2,THDVL3",Sum_PF=-87.2..-85.6;THDVL2=1.8..1.9;THDVL3=1.8..1.9
PowerFactor.csv,2019-06-29 16:50:00,2,"1277,1278",False,1,Sum_PF,Sum_PF=-90.3..-26.1
PowerFactor.csv,2019-06-29 16:52:00,2,"1280,1281",False,3,"Sum_PF,THDVL1,THDVL2",Sum_PF=-89.9..-86.3;THDVL1=1.8..1.9;THDVL2=1.8..1.9
PowerFactor.csv,2019-06-29 16:54:00,2,"1283,1284",False,4,"Sum_PF,THDVL1,THDVL2,THDVL3",Sum_PF=-88.0..-84.7;THDVL1=1.8..1.9;THDVL2=1.8..1.9;THDVL3=1.8..1.9
PowerFactor.csv,2019-06-29 16:56:00,2,"1286,1287",False,4,"Sum_PF,THDVL1,THDVL2,THDVL3",Sum_PF=-28.4..-24.4;THDVL1=1.3..1.8;THDVL2=1.3..1.8;THDVL3=1.3..1.8
PowerFactor.csv,2019-06-29 16:58:00,2,"1289,1290",False,4,"Sum_PF,THDVL1,THDVL2,THDVL3",Sum_PF=-26.0..-24.5;THDVL1=1.7..1.8;THDVL2=1.7..1.8;THDVL3=1.7..1.8
PowerFactor.csv,2019-06-29 17:00:00,2,"1292,1293",False,4,"Sum_PF,THDVL1,THDVL2,THDVL3",Sum_PF=-32.7..-30.2;THDVL1=1.7..1.8;THDVL2=1.7..1.8;THDVL3=1.7..1.8
PowerFactor.csv,2019-06-29 17:02:00,2,"1295,1296",False,1,Sum_PF,Sum_PF=-87.3..-28.1
PowerFactor.csv,2019-06-29 17:04:00,2,"1298,1299",False,1,Sum_PF,Sum_PF=-87.5..-27.9
PowerFactor.csv,2019-06-29 17:06:00,2,"1301,1302",False,4,"Sum_PF,THDVL1,THDVL2,THDVL3",Sum_PF=-93.1..-24.8;THDVL1=1.7..1.8;THDVL2=1.7..1.8;THDVL3=1.7..1.8
PowerFactor.csv,2019-06-29 17:08:00,2,"1304,1305",False,3,"Sum_PF,THDVL2,THDVL3",Sum_PF=-28.4..-28.3;THDVL2=1.6..1.8;THDVL3=1.6..1.8
PowerFactor.csv,2019-06-29 17:10:00,2,"1307,1308",False,4,"Sum_PF,THDVL1,THDVL2,THDVL3",Sum_PF=-33.2..-25.4;THDVL1=1.7..1.8;THDVL2=1.7..1.8;THDVL3=1.7..1.8
PowerFactor.csv,2019-06-29 17:12:00,2,"1310,1311",False,4,"Sum_PF,THDVL1,THDVL2,THDVL3",Sum_PF=-92.9..-90.7;THDVL1=1.8..2.9;THDVL2=1.8..2.9;THDVL3=1.7..1.8
PowerFactor.csv,2019-06-29 17:14:00,2,"1313,1314",False,4,"Sum_PF,THDVL1,THDVL2,THDVL3",Sum_PF=-91.1..-29.7;THDVL1=1.7..1.8;THDVL2=1.7..1.8;THDVL3=1.7..1.8
PowerFactor.csv,2019-06-29 17:16:00,2,"1316,1317",False,3,"Sum_PF,THDVL1,THDVL2",Sum_PF=-88.3..35.2;THDVL1=1.8..2.0;THDVL2=1.8..2.0
PowerFactor.csv,2019-07-08 11:47:00,2,"1644,1645",False,1,Sum_PF,Sum_PF=-89.1..-27.4
PowerFactor.csv,2019-07-08 13:26:00,2,"1657,1658",False,3,"Sum_PF,THDIL2,THDIL3",Sum_PF=0.7..0.8;THDIL2=3.1..3.2;THDIL3=3.1..3.2
PowerFactor.csv,2019-07-08 14:12:00,2,"1669,1670",False,5,"Sum_PF,THDVL1,THDVL2,THDVL3,THDIL1",Sum_PF=0.4..0.5;THDVL1=2.2..2.3;THDVL2=2.2..2.3;THDVL3=2.2..2.3;THDIL1=3.1..3.2
PowerFactor.csv,2019-07-08 14:15:00,2,"1673,1674",False,5,"THDVL1,THDVL2,THDVL3,THDIL1,THDIL2",THDVL1=2.2..2.4;THDVL2=2.2..2.4;THDVL3=2.2..2.4;THDIL1=2.6..3.1;THDIL2=3.0..3.1
PowerFactor.csv,2019-07-08 14:26:00,2,"1678,1679",False,6,"Sum_PF,THDVL1,THDVL2,THDVL3,THDIL2,THDIL3",Sum_PF=0.5..0.7;THDVL1=2.2..2.3;THDVL2=2.2..2.3;THDVL3=2.2..2.3;THDIL2=3.3..3.4;THDIL3=3.2..3.3
PowerFactor.csv,2019-07-08 14:28:00,2,"1681,1682",False,5,"Sum_PF,THDVL1,THDVL2,THDVL3,THDIL2",Sum_PF=0.5..0.6;THDVL1=2.2..2.3;THDVL2=2.2..2.3;THDVL3=2.2..2.3;THDIL2=3.2..3.3
PowerFactor.csv,2019-08-14 06:45:00,2,"4066,4067",False,8,"PFL2,Sum_PF,THDVL1,THDVL2,THDVL3,THDIL1,THDIL2,THDIL3",PFL2=0.92..0.93;Sum_PF=16.6..16.9;THDVL1=0.9..1.2;THDVL2=1.1..1.2;THDVL3=1.1..1.2;THDIL1=4.9..5.3;THDIL2=4.0..7.8;THDIL3=7.6..8.5
PowerFactor.csv,2019-08-17 09:15:00,2,"4366,4367",False,5,"PFL2,Sum_PF,THDIL1,THDIL2,THDIL3",PFL2=0.95..0.96;Sum_PF=13.2..13.7;THDIL1=7.6..8.5;THDIL2=15.9..16.0;THDIL3=8.1..8.4
PowerFactor.csv,2019-08-28 09:45:00,2,"5055,5056",False,6,"Sum_PF,THDVL2,THDVL3,THDIL1,THDIL2,THDIL3",Sum_PF=11.8..12.2;THDVL2=1.4..2.5;THDVL3=1.3..2.5;THDIL1=8.3..8.4;THDIL2=10.8..11.2;THDIL3=7.6..8.7
PowerFactor.csv,2019-10-10 19:45:00,2,"8468,8469",False,6,"Sum_PF,THDVL1,THDVL2,THDVL3,THDIL2,THDIL3",Sum_PF=9.7..9.8;THDVL1=2.5..2.9;THDVL2=2.6..3.0;THDVL3=2.5..2.8;THDIL2=13.9..14.3;THDIL3=7.3..8.2
PowerFactor.csv,2019-11-13 15:15:00,2,"11193,11194",False,5,"PFL2,Sum_PF,THDIL1,THDIL2,THDIL3",PFL2=0.98..0.99;Sum_PF=12.4..12.5;THDIL1=14.8..15.1;THDIL2=19.7..25.1;THDIL3=13.1..13.5
PowerFactor.csv,2019-11-14 06:45:00,2,"11256,11257",False,9,"PFL1,Avg_PF,Sum_PF,THDVL1,THDVL2,THDVL3,THDIL1,THDIL2,THDIL3",PFL1=0.97..0.98;Avg_PF=0.97..0.98;Sum_PF=10.6..12.0;THDVL1=1.3..1.5;THDVL2=1.3..1.6;THDVL3=1.2..2.2;THDIL1=4.7..8.1;THDIL2=18.8..23.5;THDIL3=11.1..12.3
PowerFactor.csv,2019-12-01 04:30:00,2,"12278,12279",False,7,"Sum_PF,THDVL1,THDVL2,THDVL3,THDIL1,THDIL2,THDIL3",Sum_PF=11.5..11.7;THDVL1=1.3..1.4;THDVL2=1.3..1.4;THDVL3=1.4..1.5;THDIL1=9.3..9.8;THDIL2=13.3..14.1;THDIL3=9.5..9.6
PowerFactor.csv,2019-12-02 16:15:00,2,"12424,12425",False,5,"PFL2,THDVL3,THDIL1,THDIL2,THDIL3",PFL2=0.95..0.96;THDVL3=2.5..2.6;THDIL1=17.2..17.8;THDIL2=12.6..13.1;THDIL3=16.1..16.9
PowerFactor.csv,2019-12-06 06:15:00,2,"12770,12771",False,4,"Sum_PF,THDVL3,THDIL1,THDIL2",Sum_PF=13.2..13.3;THDVL3=1.3..1.4;THDIL1=11.3..11.4;THDIL2=14.6..14.8
TotalPower.csv,2019-06-27 10:53:00,2,"4,5",True,0,,
TotalPower.csv,2019-06-27 10:56:00,2,"6,7",True,0,,
TotalPower.csv,2019-06-27 11:01:00,2,"9,10",True,0,,
TotalPower.csv,2019-06-27 11:17:00,2,"14,15",True,0,,
TotalPower.csv,2019-06-27 11:23:00,2,"19,20",True,0,,
TotalPower.csv,2019-06-27 11:29:00,2,"23,24",True,0,,
TotalPower.csv,2019-06-27 11:40:00,2,"30,31",True,0,,
TotalPower.csv,2019-06-27 11:45:00,2,"33,34",True,0,,
TotalPower.csv,2019-06-27 12:00:00,2,"43,44",True,0,,
TotalPower.csv,2019-06-27 12:02:00,2,"46,47",True,0,,
TotalPower.csv,2019-06-27 12:05:00,2,"50,51",True,0,,
TotalPower.csv,2019-06-27 12:07:00,2,"53,54",True,0,,
TotalPower.csv,2019-06-27 12:11:00,2,"58,59",True,0,,
TotalPower.csv,2019-06-27 12:21:00,2,"64,65",True,0,,
TotalPower.csv,2019-06-27 12:23:00,2,"67,68",True,0,,
TotalPower.csv,2019-06-27 12:24:00,2,"69,70",True,0,,
TotalPower.csv,2019-06-27 12:27:00,2,"73,74",True,0,,
TotalPower.csv,2019-06-27 12:29:00,2,"76,77",True,0,,
TotalPower.csv,2019-06-27 12:31:00,2,"79,80",True,0,,
TotalPower.csv,2019-06-27 12:32:00,2,"81,82",True,0,,
TotalPower.csv,2019-06-27 12:43:00,2,"89,90",True,0,,
TotalPower.csv,2019-06-27 12:45:00,2,"92,93",True,0,,
TotalPower.csv,2019-06-27 12:47:00,2,"95,96",True,0,,
TotalPower.csv,2019-06-27 12:48:00,2,"97,98",True,0,,
TotalPower.csv,2019-06-27 12:51:00,2,"101,102",True,0,,
TotalPower.csv,2019-06-27 12:53:00,2,"104,105",True,0,,
TotalPower.csv,2019-06-27 12:55:00,2,"107,108",True,0,,
TotalPower.csv,2019-06-27 12:59:00,2,"110,111",True,0,,
TotalPower.csv,2019-06-27 13:01:00,2,"113,114",True,0,,
TotalPower.csv,2019-06-27 13:07:00,2,"120,121",True,0,,
TotalPower.csv,2019-06-27 13:09:00,2,"123,124",True,0,,
TotalPower.csv,2019-06-27 13:11:00,2,"126,127",True,0,,
TotalPower.csv,2019-06-27 13:13:00,2,"129,130",True,0,,
TotalPower.csv,2019-06-27 13:15:00,2,"132,133",True,0,,
TotalPower.csv,2019-06-27 13:17:00,2,"135,136",True,0,,
TotalPower.csv,2019-06-27 13:20:00,2,"137,138",True,0,,
TotalPower.csv,2019-06-27 13:24:00,2,"142,143",True,0,,
TotalPower.csv,2019-06-27 13:27:00,2,"146,147",True,0,,
TotalPower.csv,2019-06-27 13:29:00,2,"149,150",True,0,,
TotalPower.csv,2019-06-27 13:31:00,2,"152,153",True,0,,
TotalPower.csv,2019-06-27 13:33:00,2,"155,156",True,0,,
TotalPower.csv,2019-06-27 13:37:00,2,"160,161",True,0,,
TotalPower.csv,2019-06-27 13:38:00,2,"162,163",True,0,,
TotalPower.csv,2019-06-27 13:41:00,2,"166,167",True,0,,
TotalPower.csv,2019-06-27 13:45:00,2,"169,170",True,0,,
TotalPower.csv,2019-06-27 13:46:00,2,"171,172",True,0,,
TotalPower.csv,2019-06-27 13:51:00,2,"177,178",True,0,,
TotalPower.csv,2019-06-27 13:52:00,2,"179,180",True,0,,
TotalPower.csv,2019-06-27 13:54:00,2,"182,183",True,0,,
TotalPower.csv,2019-06-27 13:56:00,2,"185,186",True,0,,
TotalPower.csv,2019-06-27 13:58:00,2,"188,189",True,0,,
TotalPower.csv,2019-06-27 14:01:00,2,"192,193",True,0,,
TotalPower.csv,2019-06-27 14:02:00,2,"194,195",True,0,,
TotalPower.csv,2019-06-27 14:05:00,2,"198,199",True,0,,
TotalPower.csv,2019-06-27 14:07:00,2,"201,202",True,0,,
TotalPower.csv,2019-06-27 14:10:00,2,"205,206",True,0,,
TotalPower.csv,2019-06-27 14:13:00,2,"208,209",True,0,,
TotalPower.csv,2019-06-27 14:14:00,2,"210,211",True,0,,
TotalPower.csv,2019-06-27 14:20:00,2,"217,218",True,0,,
TotalPower.csv,2019-06-27 14:23:00,2,"221,222",True,0,,
TotalPower.csv,2019-06-27 14:25:00,2,"224,225",True,0,,
TotalPower.csv,2019-06-27 14:27:00,2,"227,228",True,0,,
TotalPower.csv,2019-06-27 14:29:00,2,"229,230",True,0,,
TotalPower.csv,2019-06-27 14:31:00,2,"232,233",True,0,,
TotalPower.csv,2019-06-27 14:32:00,2,"234,235",True,0,,
TotalPower.csv,2019-06-27 14:35:00,2,"238,239",True,0,,
TotalPower.csv,2019-06-27 14:37:00,2,"241,242",True,0,,
TotalPower.csv,2019-06-27 14:39:00,2,"244,245",True,0,,
TotalPower.csv,2019-06-27 14:41:00,2,"247,248",True,0,,
TotalPower.csv,2019-06-27 14:51:00,2,"255,256",True,0,,
TotalPower.csv,2019-06-27 14:55:00,2,"260,261",True,0,,
TotalPower.csv,2019-06-27 14:59:00,2,"265,266",True,0,,
TotalPower.csv,2019-06-27 15:05:00,2,"271,272",True,0,,
TotalPower.csv,2019-06-27 15:13:00,2,"277,278",True,0,,
TotalPower.csv,2019-06-27 15:23:00,2,"286,287",True,0,,
TotalPower.csv,2019-06-27 15:25:00,2,"289,290",True,0,,
TotalPower.csv,2019-06-27 15:26:00,2,"291,292",True,0,,
TotalPower.csv,2019-06-27 15:28:00,2,"294,295",True,0,,
TotalPower.csv,2019-06-27 15:30:00,2,"297,298",True,0,,
TotalPower.csv,2019-06-27 15:33:00,2,"301,302",True,0,,
TotalPower.csv,2019-06-27 15:35:00,2,"304,305",True,0,,
TotalPower.csv,2019-06-27 15:38:00,2,"308,309",True,0,,
TotalPower.csv,2019-06-28 10:47:00,2,"318,319",True,0,,
TotalPower.csv,2019-06-28 10:49:00,2,"321,322",True,0,,
TotalPower.csv,2019-06-28 10:50:00,2,"323,324",True,0,,
TotalPower.csv,2019-06-28 10:52:00,2,"326,327",True,0,,
TotalPower.csv,2019-06-28 10:55:00,2,"330,331",True,0,,
TotalPower.csv,2019-06-28 10:56:00,2,"332,333",True,0,,
TotalPower.csv,2019-06-28 10:59:00,2,"336,337",True,0,,
TotalPower.csv,2019-06-28 11:00:00,2,"338,339",True,0,,
TotalPower.csv,2019-06-28 11:02:00,2,"341,342",True,0,,
TotalPower.csv,2019-06-28 11:05:00,2,"345,346",True,0,,
TotalPower.csv,2019-06-28 11:06:00,2,"347,348",True,0,,
TotalPower.csv,2019-06-28 11:08:00,2,"350,351",True,0,,
TotalPower.csv,2019-06-28 11:11:00,2,"354,355",True,0,,
TotalPower.csv,2019-06-28 11:12:00,2,"356,357",True,0,,
TotalPower.csv,2019-06-28 11:15:00,2,"360,361",True,0,,
TotalPower.csv,2019-06-28 11:16:00,2,"362,363",True,0,,
TotalPower.csv,2019-06-28 11:19:00,2,"366,367",True,0,,
TotalPower.csv,2019-06-28 11:20:00,2,"368,369",True,0,,
TotalPower.csv,2019-06-28 11:22:00,2,"371,372",True,0,,
TotalPower.csv,2019-06-28 11:24:00,2,"374,375",True,0,,
TotalPower.csv,2019-06-28 12:30:00,2,"384,385",True,0,,
TotalPower.csv,2019-06-28 12:45:00,2,"392,393",True,0,,
TotalPower.csv,2019-06-28 12:46:00,2,"394,395",True,0,,
TotalPower.csv,2019-06-28 12:48:00,2,"397,398",True,0,,
TotalPower.csv,2019-06-28 12:50:00,2,"400,401",True,0,,
TotalPower.csv,2019-06-28 12:52:00,2,"403,404",True,0,,
TotalPower.csv,2019-06-28 12:55:00,2,"407,408",True,0,,
TotalPower.csv,2019-06-28 12:56:00,2,"409,410",True,0,,
TotalPower.csv,2019-06-28 12:58:00,2,"412,413",True,0,,
TotalPower.csv,2019-06-28 13:00:00,2,"415,416",True,0,,
TotalPower.csv,2019-06-28 13:02:00,2,"418,419",True,0,,
TotalPower.csv,2019-06-28 13:06:00,2,"421,422",True,0,,
TotalPower.csv,2019-06-28 13:08:00,2,"424,425",True,0,,
TotalPower.csv,2019-06-28 13:11:00,2,"428,429",True,0,,
TotalPower.csv,2019-06-28 13:12:00,2,"430,431",True,0,,
TotalPower.csv,2019-06-28 13:14:00,2,"433,434",True,0,,
TotalPower.csv,2019-06-28 13:17:00,2,"437,438",True,0,,
TotalPower.csv,2019-06-28 13:18:00,2,"439,440",True,0,,
TotalPower.csv,2019-06-28 13:20:00,2,"442,443",True,0,,
TotalPower.csv,2019-06-28 13:22:00,2,"445,446",True,0,,
TotalPower.csv,2019-06-28 13:24:00,2,"448,449",True,0,,
TotalPower.csv,2019-06-28 13:27:00,2,"452,453",True,0,,
TotalPower.csv,2019-06-28 13:28:00,2,"454,455",True,0,,
TotalPower.csv,2019-06-28 13:30:00,2,"457,458",True,0,,
TotalPower.csv,2019-06-28 13:32:00,2,"460,461",True,0,,
TotalPower.csv,2019-06-28 13:34:00,2,"463,464",True,0,,
TotalPower.csv,2019-06-28 13:36:00,2,"466,467",True,0,,
TotalPower.csv,2019-06-28 13:38:00,2,"469,470",True,0,,
TotalPower.csv,2019-06-28 13:40:00,2,"472,473",True,0,,
TotalPower.csv,2019-06-28 13:42:00,2,"475,476",True,0,,
TotalPower.csv,2019-06-28 13:44:00,2,"478,479",True,0,,
TotalPower.csv,2019-06-28 13:46:00,2,"481,482",True,0,,
TotalPower.csv,2019-06-28 13:48:00,2,"484,485",True,0,,
TotalPower.csv,2019-06-28 13:50:00,2,"487,488",True,0,,
TotalPower.csv,2019-06-28 13:52:00,2,"490,491",True,0,,
TotalPower.csv,2019-06-28 13:54:00,2,"493,494",True,0,,
TotalPower.csv,2019-06-28 13:56:00,2,"496,497",True,0,,
TotalPower.csv,2019-06-28 13:58:00,2,"499,500",True,0,,
TotalPower.csv,2019-06-28 14:10:00,2,"504,505",True,0,,
TotalPower.csv,2019-06-28 14:13:00,2,"508,509",True,0,,
TotalPower.csv,2019-06-28 14:15:00,2,"511,512",True,0,,
TotalPower.csv,2019-06-28 14:16:00,2,"513,514",True,0,,
TotalPower.csv,2019-06-28 14:18:00,2,"516,517",True,0,,
TotalPower.csv,2019-06-28 14:20:00,2,"519,520",True,0,,
TotalPower.csv,2019-06-28 14:22:00,2,"522,523",True,0,,
TotalPower.csv,2019-06-28 14:24:00,2,"525,526",True,0,,
TotalPower.csv,2019-06-28 14:26:00,2,"528,529",True,0,,
TotalPower.csv,2019-06-28 14:28:00,2,"531,532",True,0,,
TotalPower.csv,2019-06-28 14:30:00,2,"534,535",True,0,,
TotalPower.csv,2019-06-28 14:32:00,2,"537,538",True,0,,
TotalPower.csv,2019-06-28 14:34:00,2,"540,541",True,0,,
TotalPower.csv,2019-06-28 14:36:00,2,"543,544",True,0,,
TotalPower.csv,2019-06-28 14:38:00,2,"546,547",True,0,,
TotalPower.csv,2019-06-28 14:40:00,2,"549,550",True,0,,
TotalPower.csv,2019-06-28 14:42:00,2,"552,553",True,0,,
TotalPower.csv,2019-06-28 14:44:00,2,"555,556",True,0,,
TotalPower.csv,2019-06-28 14:47:00,2,"559,560",True,0,,
TotalPower.csv,2019-06-28 14:49:00,2,"562,563",True,0,,
TotalPower.csv,2019-06-28 14:50:00,2,"564,565",True,0,,
TotalPower.csv,2019-06-28 14:52:00,2,"567,568",True,0,,
TotalPower.csv,2019-06-28 14:54:00,2,"570,571",True,0,,
TotalPower.csv,2019-06-28 14:56:00,2,"573,574",True,0,,
TotalPower.csv,2019-06-28 14:58:00,2,"576,577",True,0,,
TotalPower.csv,2019-06-28 15:00:00,2,"579,580",True,0,,
TotalPower.csv,2019-06-28 15:02:00,2,"582,583",True,0,,
TotalPower.csv,2019-06-28 15:04:00,2,"585,586",True,0,,
TotalPower.csv,2019-06-28 15:06:00,2,"588,589",True,0,,
TotalPower.csv,2019-06-28 15:08:00,2,"591,592",True,0,,
TotalPower.csv,2019-06-28 15:10:00,2,"594,595",True,0,,
TotalPower.csv,2019-06-28 15:12:00,2,"597,598",True,0,,
TotalPower.csv,2019-06-28 15:14:00,2,"600,601",True,0,,
TotalPower.csv,2019-06-28 15:16:00,2,"603,604",True,0,,
TotalPower.csv,2019-06-28 15:18:00,2,"606,607",True,0,,
TotalPower.csv,2019-06-28 15:20:00,2,"609,610",True,0,,
TotalPower.csv,2019-06-28 15:22:00,2,"612,613",True,0,,
TotalPower.csv,2019-06-28 15:24:00,2,"615,616",True,0,,
TotalPower.csv,2019-06-28 15:26:00,2,"618,619",True,0,,
TotalPower.csv,2019-06-28 15:28:00,2,"621,622",True,0,,
TotalPower.csv,2019-06-28 15:31:00,2,"625,626",True,0,,
TotalPower.csv,2019-06-28 15:32:00,2,"627,628",True,0,,
TotalPower.csv,2019-06-28 15:34:00,2,"630,631",True,0,,
TotalPower.csv,2019-06-28 15:36:00,2,"633,634",True,0,,
TotalPower.csv,2019-06-28 15:38:00,2,"636,637",True,0,,
TotalPower.csv,2019-06-28 15:40:00,2,"639,640",True,0,,
TotalPower.csv,2019-06-28 15:42:00,2,"642,643",True,0,,
TotalPower.csv,2019-06-28 15:45:00,2,"646,647",True,0,,
TotalPower.csv,2019-06-28 15:46:00,2,"648,649",True,0,,
TotalPower.csv,2019-06-28 15:48:00,2,"651,652",True,0,,
TotalPower.csv,2019-06-28 15:50:00,2,"654,655",True,0,,
TotalPower.csv,2019-06-28 15:52:00,2,"657,658",True,0,,
TotalPower.csv,2019-06-28 15:54:00,2,"660,661",True,0,,
TotalPower.csv,2019-06-28 15:56:00,2,"663,664",True,0,,
TotalPower.csv,2019-06-28 15:58:00,2,"666,667",True,0,,
TotalPower.csv,2019-06-28 16:00:00,2,"669,670",True,0,,
TotalPower.csv,2019-06-28 16:02:00,2,"672,673",True,0,,
TotalPower.csv,2019-06-28 16:04:00,2,"675,676",True,0,,
TotalPower.csv,2019-06-28 16:06:00,2,"678,679",True,0,,
TotalPower.csv,2019-06-28 16:08:00,2,"681,682",True,0,,
TotalPower.csv,2019-06-28 16:11:00,2,"685,686",True,0,,
TotalPower.csv,2019-06-28 16:12:00,2,"687,688",True,0,,
TotalPower.csv,2019-06-28 16:14:00,2,"690,691",True,0,,
TotalPower.csv,2019-06-28 16:16:00,2,"693,694",True,0,,
TotalPower.csv,2019-06-28 16:18:00,2,"696,697",True,0,,
TotalPower.csv,2019-06-28 16:20:00,2,"699,700",True,0,,
TotalPower.csv,2019-06-28 16:22:00,2,"702,703",True,0,,
TotalPower.csv,2019-06-28 16:24:00,2,"705,706",True,0,,
TotalPower.csv,2019-06-28 16:26:00,2,"708,709",True,0,,
TotalPower.csv,2019-06-28 16:28:00,2,"711,712",True,0,,
TotalPower.csv,2019-06-28 16:30:00,2,"714,715",True,0,,
TotalPower.csv,2019-06-28 16:32:00,2,"717,718",True,0,,
TotalPower.csv,2019-06-28 16:34:00,2,"720,721",True,0,,
TotalPower.csv,2019-06-28 16:36:00,2,"723,724",True,0,,
TotalPower.csv,2019-06-28 16:39:00,2,"727,728",True,0,,
TotalPower.csv,2019-06-28 16:40:00,2,"729,730",True,0,,
TotalPower.csv,2019-06-28 16:42:00,2,"732,733",True,0,,
TotalPower.csv,2019-06-28 16:44:00,2,"735,736",True,0,,
TotalPower.csv,2019-06-28 16:47:00,2,"739,740",True,0,,
TotalPower.csv,2019-06-28 16:48:00,2,"741,742",True,0,,
TotalPower.csv,2019-06-28 16:51:00,2,"745,746",True,0,,
TotalPower.csv,2019-06-28 16:52:00,2,"747,748",True,0,,
TotalPower.csv,2019-06-28 16:54:00,2,"750,751",True,0,,
TotalPower.csv,2019-06-28 16:57:00,2,"754,755",True,0,,
TotalPower.csv,2019-06-28 16:58:00,2,"756,757",True,0,,
TotalPower.csv,2019-06-28 17:00:00,2,"759,760",True,0,,
TotalPower.csv,2019-06-28 17:02:00,2,"762,763",True,0,,
TotalPower.csv,2019-06-28 17:04:00,2,"765,766",True,0,,
TotalPower.csv,2019-06-28 17:06:00,2,"768,769",True,0,,
TotalPower.csv,2019-06-28 17:09:00,2,"772,773",True,0,,
TotalPower.csv,2019-06-28 17:10:00,2,"774,775",True,0,,
TotalPower.csv,2019-06-28 17:12:00,2,"777,778",True,0,,
TotalPower.csv,2019-06-28 17:14:00,2,"780,781",True,0,,
TotalPower.csv,2019-06-28 17:17:00,2,"784,785",True,0,,
TotalPower.csv,2019-06-28 17:19:00,2,"787,788",True,0,,
TotalPower.csv,2019-06-28 17:20:00,2,"789,790",True,0,,
TotalPower.csv,2019-06-28 17:23:00,2,"793,794",True,0,,
TotalPower.csv,2019-06-28 17:24:00,2,"795,796",True,0,,
TotalPower.csv,2019-06-28 17:26:00,2,"798,799",True,0,,
TotalPower.csv,2019-06-28 17:28:00,2,"801,802",True,0,,
TotalPower.csv,2019-06-28 17:30:00,2,"804,805",True,0,,
TotalPower.csv,2019-06-28 17:32:00,2,"807,808",True,0,,
TotalPower.csv,2019-06-28 17:34:00,2,"810,811",True,0,,
TotalPower.csv,2019-06-28 17:36:00,2,"813,814",True,0,,
TotalPower.csv,2019-06-28 17:38:00,2,"816,817",True,0,,
TotalPower.csv,2019-06-28 17:40:00,2,"819,820",True,0,,
TotalPower.csv,2019-06-28 17:42:00,2,"822,823",True,0,,
TotalPower.csv,2019-06-28 17:44:00,2,"825,826",True,0,,
TotalPower.csv,2019-06-28 17:46:00,2,"828,829",True,0,,
TotalPower.csv,2019-06-28 17:48:00,2,"831,832",True,0,,
TotalPower.csv,2019-06-28 17:50:00,2,"834,835",True,0,,
TotalPower.csv,2019-06-28 17:52:00,2,"837,838",True,0,,
TotalPower.csv,2019-06-28 17:54:00,2,"840,841",True,0,,
TotalPower.csv,2019-06-29 10:24:00,2,"843,844",True,0,,
TotalPower.csv,2019-06-29 11:14:00,2,"849,850",True,0,,
TotalPower.csv,2019-06-29 11:17:00,2,"853,854",True,0,,
TotalPower.csv,2019-06-29 11:18:00,2,"855,856",True,0,,
TotalPower.csv,2019-06-29 11:20:00,2,"858,859",True,0,,
TotalPower.csv,2019-06-29 11:22:00,2,"861,862",True,0,,
TotalPower.csv,2019-06-29 11:28:00,2,"866,867",True,0,,
TotalPower.csv,2019-06-29 11:31:00,2,"870,871",True,0,,
TotalPower.csv,2019-06-29 11:33:00,2,"873,874",True,0,,
TotalPower.csv,2019-06-29 11:35:00,2,"876,877",True,0,,
TotalPower.csv,2019-06-29 11:36:00,2,"878,879",True,0,,
TotalPower.csv,2019-06-29 11:39:00,2,"882,883",True,0,,
TotalPower.csv,2019-06-29 11:43:00,2,"885,886",True,0,,
TotalPower.csv,2019-06-29 11:45:00,2,"888,889",True,0,,
TotalPower.csv,2019-06-29 11:46:00,2,"890,891",True,0,,
TotalPower.csv,2019-06-29 11:52:00,2,"896,897",True,0,,
TotalPower.csv,2019-06-29 11:54:00,2,"899,900",True,0,,
TotalPower.csv,2019-06-29 11:56:00,2,"902,903",True,0,,
TotalPower.csv,2019-06-29 11:59:00,2,"906,907",True,0,,
TotalPower.csv,2019-06-29 12:10:00,2,"911,912",True,0,,
TotalPower.csv,2019-06-29 12:19:00,2,"917,918",True,0,,
TotalPower.csv,2019-06-29 12:20:00,2,"919,920",True,0,,
TotalPower.csv,2019-06-29 12:22:00,2,"922,923",True,0,,
TotalPower.csv,2019-06-29 12:24:00,2,"925,926",True,0,,
TotalPower.csv,2019-06-29 12:55:00,2,"932,933",True,0,,
TotalPower.csv,2019-06-29 12:56:00,2,"934,935",True,0,,
TotalPower.csv,2019-06-29 12:58:00,2,"937,938",True,0,,
TotalPower.csv,2019-06-29 13:01:00,2,"941,942",True,0,,
TotalPower.csv,2019-06-29 13:03:00,2,"944,945",True,0,,
TotalPower.csv,2019-06-29 13:33:00,2,"953,954",True,0,,
TotalPower.csv,2019-06-29 13:39:00,2,"958,959",True,0,,
TotalPower.csv,2019-06-29 13:42:00,2,"962,963",True,0,,
TotalPower.csv,2019-06-29 13:44:00,2,"965,966",True,0,,
TotalPower.csv,2019-06-29 13:46:00,2,"968,969",True,0,,
TotalPower.csv,2019-06-29 13:48:00,2,"971,972",True,0,,
TotalPower.csv,2019-06-29 13:50:00,2,"974,975",True,0,,
TotalPower.csv,2019-06-29 13:52:00,2,"977,978",True,0,,
TotalPower.csv,2019-06-29 13:54:00,2,"980,981",True,0,,
TotalPower.csv,2019-06-29 13:56:00,2,"983,984",True,0,,
TotalPower.csv,2019-06-29 13:58:00,2,"986,987",True,0,,
TotalPower.csv,2019-06-29 14:00:00,2,"989,990",True,0,,
TotalPower.csv,2019-06-29 14:02:00,2,"992,993",True,0,,
TotalPower.csv,2019-06-29 14:04:00,2,"995,996",True,0,,
TotalPower.csv,2019-06-29 14:06:00,2,"998,999",True,0,,
TotalPower.csv,2019-06-29 14:08:00,2,"1001,1002",True,0,,
TotalPower.csv,2019-06-29 14:10:00,2,"1004,1005",True,0,,
TotalPower.csv,2019-06-29 14:12:00,2,"1007,1008",True,0,,
TotalPower.csv,2019-06-29 14:14:00,2,"1010,1011",True,0,,
TotalPower.csv,2019-06-29 14:16:00,2,"1013,1014",True,0,,
TotalPower.csv,2019-06-29 14:18:00,2,"1016,1017",True,0,,
TotalPower.csv,2019-06-29 14:20:00,2,"1019,1020",True,0,,
TotalPower.csv,2019-06-29 14:22:00,2,"1022,1023",True,0,,
TotalPower.csv,2019-06-29 14:24:00,2,"1025,1026",True,0,,
TotalPower.csv,2019-06-29 14:26:00,2,"1028,1029",True,0,,
TotalPower.csv,2019-06-29 14:28:00,2,"1031,1032",True,0,,
TotalPower.csv,2019-06-29 14:30:00,2,"1034,1035",True,0,,
TotalPower.csv,2019-06-29 14:32:00,2,"1037,1038",True,0,,
TotalPower.csv,2019-06-29 14:34:00,2,"1040,1041",True,0,,
TotalPower.csv,2019-06-29 14:36:00,2,"1043,1044",True,0,,
TotalPower.csv,2019-06-29 14:38:00,2,"1046,1047",True,0,,
TotalPower.csv,2019-06-29 14:40:00,2,"1049,1050",True,0,,
TotalPower.csv,2019-06-29 14:42:00,2,"1052,1053",True,0,,
TotalPower.csv,2019-06-29 14:44:00,2,"1055,1056",True,0,,
TotalPower.csv,2019-06-29 14:46:00,2,"1058,1059",True,0,,
TotalPower.csv,2019-06-29 14:48:00,2,"1061,1062",True,0,,
TotalPower.csv,2019-06-29 14:50:00,2,"1064,1065",True,0,,
TotalPower.csv,2019-06-29 14:52:00,2,"1067,1068",True,0,,
TotalPower.csv,2019-06-29 14:54:00,2,"1070,1071",True,0,,
TotalPower.csv,2019-06-29 14:56:00,2,"1073,1074",True,0,,
TotalPower.csv,2019-06-29 14:59:00,2,"1077,1078",True,0,,
TotalPower.csv,2019-06-29 15:00:00,2,"1079,1080",True,0,,
TotalPower.csv,2019-06-29 15:02:00,2,"1082,1083",True,0,,
TotalPower.csv,2019-06-29 15:04:00,2,"1085,1086",True,0,,
TotalPower.csv,2019-06-29 15:06:00,2,"1088,1089",True,0,,
TotalPower.csv,2019-06-29 15:08:00,2,"1091,1092",True,0,,
TotalPower.csv,2019-06-29 15:10:00,2,"1094,1095",True,0,,
TotalPower.csv,2019-06-29 15:13:00,2,"1098,1099",True,0,,
TotalPower.csv,2019-06-29 15:14:00,2,"1100,1101",True,0,,
TotalPower.csv,2019-06-29 15:16:00,2,"1103,1104",True,0,,
TotalPower.csv,2019-06-29 15:18:00,2,"1106,1107",True,0,,
TotalPower.csv,2019-06-29 15:20:00,2,"1109,1110",True,0,,
TotalPower.csv,2019-06-29 15:22:00,2,"1112,1113",True,0,,
TotalPower.csv,2019-06-29 15:24:00,2,"1115,1116",True,0,,
TotalPower.csv,2019-06-29 15:26:00,2,"1118,1119",True,0,,
TotalPower.csv,2019-06-29 15:28:00,2,"1121,1122",True,0,,
TotalPower.csv,2019-06-29 15:30:00,2,"1124,1125",True,0,,
TotalPower.csv,2019-06-29 15:33:00,2,"1128,1129",True,0,,
TotalPower.csv,2019-06-29 15:34:00,2,"1130,1131",True,0,,
TotalPower.csv,2019-06-29 15:36:00,2,"1133,1134",True,0,,
TotalPower.csv,2019-06-29 15:38:00,2,"1136,1137",True,0,,
TotalPower.csv,2019-06-29 15:40:00,2,"1139,1140",True,0,,
TotalPower.csv,2019-06-29 15:42:00,2,"1142,1143",True,0,,
TotalPower.csv,2019-06-29 15:44:00,2,"1145,1146",True,0,,
TotalPower.csv,2019-06-29 15:46:00,2,"1148,1149",True,0,,
TotalPower.csv,2019-06-29 15:48:00,2,"1151,1152",True,0,,
TotalPower.csv,2019-06-29 15:50:00,2,"1154,1155",True,0,,
TotalPower.csv,2019-06-29 15:53:00,2,"1158,1159",True,0,,
TotalPower.csv,2019-06-29 15:54:00,2,"1160,1161",True,0,,
TotalPower.csv,2019-06-29 15:56:00,2,"1163,1164",True,0,,
TotalPower.csv,2019-06-29 15:58:00,2,"1166,1167",True,0,,
TotalPower.csv,2019-06-29 16:00:00,2,"1169,1170",True,0,,
TotalPower.csv,2019-06-29 16:03:00,2,"1173,1174",True,0,,
TotalPower.csv,2019-06-29 16:05:00,2,"1176,1177",True,0,,
TotalPower.csv,2019-06-29 16:06:00,2,"1178,1179",True,0,,
TotalPower.csv,2019-06-29 16:08:00,2,"1181,1182",True,0,,
TotalPower.csv,2019-06-29 16:10:00,2,"1184,1185",True,0,,
TotalPower.csv,2019-06-29 16:12:00,2,"1187,1188",True,0,,
TotalPower.csv,2019-06-29 16:14:00,2,"1190,1191",True,0,,
TotalPower.csv,2019-06-29 16:16:00,2,"1193,1194",True,0,,
TotalPower.csv,2019-06-29 16:19:00,2,"1197,1198",True,0,,
TotalPower.csv,2019-06-29 16:20:00,2,"1199,1200",True,0,,
TotalPower.csv,2019-06-29 16:22:00,2,"1202,1203",True,0,,
TotalPower.csv,2019-06-29 16:24:00,2,"1205,1206",True,0,,
TotalPower.csv,2019-06-29 16:26:00,2,"1208,1209",True,0,,
TotalPower.csv,2019-06-29 16:28:00,2,"1211,1212",True,0,,
TotalPower.csv,2019-06-29 16:30:00,2,"1214,1215",True,0,,
TotalPower.csv,2019-06-29 16:32:00,2,"1217,1218",True,0,,
TotalPower.csv,2019-06-29 16:34:00,2,"1220,1221",True,0,,
TotalPower.csv,2019-06-29 16:36:00,2,"1223,1224",True,0,,
TotalPower.csv,2019-06-29 16:38:00,2,"1226,1227",True,0,,
TotalPower.csv,2019-06-29 16:40:00,2,"1229,1230",True,0,,
TotalPower.csv,2019-06-29 16:42:00,2,"1232,1233",True,0,,
TotalPower.csv,2019-06-29 16:44:00,2,"1235,1236",True,0,,
TotalPower.csv,2019-06-29 16:46:00,2,"1238,1239",True,0,,
TotalPower.csv,2019-06-29 16:49:00,2,"1242,1243",True,0,,
TotalPower.csv,2019-06-29 16:50:00,2,"1244,1245",True,0,,
TotalPower.csv,2019-06-29 16:52:00,2,"1247,1248",True,0,,
TotalPower.csv,2019-06-29 16:55:00,2,"1251,1252",True,0,,
TotalPower.csv,2019-06-29 16:56:00,2,"1253,1254",True,0,,
TotalPower.csv,2019-06-29 16:58:00,2,"1256,1257",True,0,,
TotalPower.csv,2019-06-29 17:00:00,2,"1259,1260",True,0,,
TotalPower.csv,2019-06-29 17:02:00,2,"1262,1263",True,0,,
TotalPower.csv,2019-06-29 17:04:00,2,"1265,1266",True,0,,
TotalPower.csv,2019-06-29 17:06:00,2,"1268,1269",True,0,,
TotalPower.csv,2019-06-29 17:08:00,2,"1271,1272",True,0,,
TotalPower.csv,2019-06-29 17:10:00,2,"1274,1275",True,0,,
TotalPower.csv,2019-06-29 17:12:00,2,"1277,1278",True,0,,
TotalPower.csv,2019-06-29 17:14:00,2,"1280,1281",True,0,,
TotalPower.csv,2019-06-29 17:16:00,2,"1283,1284",True,0,,
TotalPower.csv,2019-07-02 15:13:00,2,"1311,1312",True,0,,
TotalPower.csv,2019-07-08 13:26:00,2,"1626,1627",False,5,"KWH,KWH_I,KVARH,KW,KVA",KWH=56.965..56.966;KWH_I=0.0009999999999976..0.0780000000000029;KVARH=60.196..60.197;KW=0.162..0.163;KVA=0.162..0.163
TotalPower.csv,2019-07-08 14:03:00,2,"1631,1632",False,5,"KWH,KWH_I,KVARH,KW,KVA",KWH=57.065..57.067;KWH_I=0.0020000000000024..0.0060000000000002;KVARH=60.295..60.297;KW=0.162..0.164;KVA=0.162..0.164
TotalPower.csv,2019-07-08 14:12:00,2,"1634,1635",False,5,"KWH,KWH_I,KVARH,KW,KVA",KWH=57.09..57.092;KWH_I=0.0019999999999953..0.0080000000000026;KVARH=60.32..60.322;KW=0.161..0.162;KVA=0.161..0.162
TotalPower.csv,2019-07-08 14:15:00,2,"1638,1639",False,3,"KWH,KWH_I,KVARH",KWH=57.098..57.1;KWH_I=0.0020000000000024..0.0030000000000001;KVARH=60.328..60.33
TotalPower.csv,2019-07-08 14:27:00,2,"1644,1645",False,5,"KWH,KWH_I,KVARH,KW,KVA",KWH=57.13..57.131;KWH_I=0.0009999999999976..0.0010000000000047;KVARH=60.36..60.362;KW=0.159..0.16;KVA=0.159..0.16
TotalPower.csv,2019-07-08 14:28:00,2,"1646,1647",False,5,"KWH,KWH_I,KVARH,KW,KVA",KWH=57.133..57.135;KWH_I=0.0019999999999953..0.0020000000000024;KVARH=60.363..60.365;KW=0.16..0.161;KVA=0.16..0.161
TotalPower.csv,2019-07-31 22:15:00,2,"2840,2841",False,6,"KWH,KWH_I,KVARH,KW,KVA,KVAR",KWH=28916.74..28917.27;KWH_I=0.5299999999988358..14.220000000001164;KVARH=29279.59..29280.12;KW=56.456..56.928;KVA=56.987..57.487;KVAR=7.759..7.997
TotalPower.csv,2019-08-14 08:45:00,2,"4031,4032",False,6,"KWH,KWH_I,KVARH,KW,KVA,KVAR",KWH=50909.58..50909.96;KWH_I=0.3799999999973806..9.25;KVARH=51512.25..51512.64;KW=37.761..38.953;KVA=39.165..40.19;KVAR=9.895..10.393
TotalPower.csv,2019-09-17 20:58:00,2,"6940,6941",False,6,"KWH,KWH_I,KVARH,KW,KVA,KVAR",KWH=105413.1..105413.9;KWH_I=0.7999999999883585..37.40000000000873;KVARH=106536.7..106537.6;KW=93.305..93.826;KVA=93.678..94.235;KVAR=8.353..8.773
TotalPower.csv,2019-10-16 13:45:00,2,"8975,8976",False,6,"KWH,KWH_I,KVARH,KW,KVA,KVAR",KWH=148047.2..148047.4;KWH_I=0.1999999999825377..19.70000000001164;KVARH=149636.7..149636.8;KW=84.168..85.448;KVA=85.281..86.501;KVAR=13.455..13.73
TotalPower.csv,2019-11-24 06:30:00,2,"11696,11697",False,4,"KWH_I,KW,KVA,KVAR",KWH_I=0.0..5.800000000017462;KW=24.091..24.958;KVA=24.522..25.377;KVAR=4.577..4.59
TotalPower.csv,2019-11-28 09:16:00,2,"12093,12094",False,6,"KWH,KWH_I,KVARH,KW,KVA,KVAR",KWH=202434.5..202434.6;KWH_I=0.1000000000058207..9.89999999999418;KVARH=204700.1..204700.2;KW=39.224..39.293;KVA=40.116..40.184;KVAR=8.41..8.411
TotalPower.csv,2020-03-01 16:52:00,2,"16727,16728",False,6,"KWH,KWH_I,KVARH,KW,KVA,KVAR",KWH=298003.8..298004.4;KWH_I=0.6000000000349246..3.8999999999650754;KVARH=301435.4..301436.0;KW=54.737..57.987;KVA=57.315..61.418;KVAR=16.994..20.239
